,country_code,country_name,year,child_employment_rate,log_child_employment_rate,log_gdp_per_capita_ppp,agriculture_value_added_pct,primary_school_enrollment,life_expectancy,urban_population_pct,rural_electricity_access,child_population_pct,youth_unemployment_rate,log_private_consumption_per_capita,governance_index
0,AFG,Afghanistan,2014,15.056866604741106,2.7761365839252115,8.012661898140168,22.13704137195736,109.115516662598,62.26,24.587,86.5,46.7130662681856,10.094,,-1.6932352943583502
1,AFG,Afghanistan,2023,16.822363148332737,2.880454025390335,7.593279790644907,34.7432471445174,,66.035,26.933,81.4,43.2262038611198,17.291,,-2.1153108664576905
2,ARG,Argentina,2017,0.056265829357635654,0.05473988595104489,10.25188497862016,5.231622377250584,111.681457519531,76.543,91.749,100.0,24.5791315086803,22.843,9.121237182296259,1.0050789905848994
3,ARG,Argentina,2018,0.05360228377224657,0.052215039034036966,10.217133932074935,4.537878896811463,111.545608520508,76.77,91.87,99.9,24.3732916411389,23.845,9.090297658040788,1.1044492050849835
4,ARG,Argentina,2019,0.06046660576810697,0.05870900538782227,10.189814442465865,5.318555996734804,111.36531829834,76.847,91.991,100.0,24.0972913239252,25.842,9.019970436046831,0.8461286531072141
5,ARG,Argentina,2020,0.061017255490477734,0.059228122921349,10.080716712579758,6.3570336757552655,110.617813110352,75.878,92.111,100.0,23.6990914612707,30.428,8.88535860567808,0.6690047901255749
6,ARG,Argentina,2021,0.1034757207436891,0.09846494442791959,10.177372667987393,7.291282496220415,110.156112670898,73.948,92.229,100.0,23.2387470933239,23.373,8.973133768905656,0.38411843188300654
7,ARG,Argentina,2022,0.06877601061773839,0.0665140783927888,10.226619902789734,6.638296974736416,108.722412109375,75.806,92.347,100.0,22.7507462136988,19.004,9.06043689215732,0.43563263172808475
8,ARG,Argentina,2023,0.08064108724254351,0.07755446432440526,10.20750964665113,5.929853761832826,,77.395,92.463,100.0,22.190657287242,17.946,9.067924841168548,0.488558215768883
9,ARG,Argentina,2024,0.0869008360065039,0.0833303767526886,10.186711590562666,5.9815993063050685,,,92.579,,21.6039426858612,21.188,9.021186914320634,
10,BDI,Burundi,2017,19.508484483250783,3.020838677752551,6.782184618483335,28.54664700601706,111.118583679199,61.345,12.706,1.7,47.9494144399615,2.218,5.304880371276338,-1.65250278209507
11,BDI,Burundi,2020,3.512013867045929,1.5067435875611432,6.727336220240159,28.624949999794723,105.158096313477,62.569,13.708,0.9,46.9567456255177,1.69,5.281213095271893,-1.7337990091362192
12,BEN,Benin,2018,15.421593748265098,2.798597160718824,8.057203594776912,28.06477391270772,117.116798400879,59.71,47.312,16.3,43.0653989157617,2.702,6.627871890737967,0.08763745252580137
13,BEN,Benin,2022,17.921337276742438,2.940290241714901,8.185719497068254,26.896678796812385,113.04891204834,60.475,49.534,45.5,42.1206314865863,3.134,6.691992799958007,0.7032650886399374
14,BFA,Burkina Faso,2010,24.521747361317964,3.2395309264036873,7.536348718186433,24.1433866229434,76.8965606689453,56.343,24.633,1.5,45.5854907533139,5.965,6.005944928223639,0.5023559894631687
15,BFA,Burkina Faso,2022,5.558898172491183,1.8808226273383932,7.810779727118925,18.496712579201507,82.3567962646484,60.7,31.877,3.4,42.9683169274423,8.557,6.162209420011159,0.20694027516969826
16,BGD,Bangladesh,2019,6.365168725744091,1.9967619587824064,8.8304444847225,11.97532313589843,,72.625,37.405,88.9,29.4761618478294,11.594,6.982326849555978,-0.4375476572623296
17,BGD,Bangladesh,2022,3.835616871328739,1.5760087053231393,8.973245437500044,11.21760103515951,117.659457498739,74.265,39.711,99.2,28.7700900252928,10.985,7.134174893671131,-0.4587196403991623
18,BOL,"Bolivia, Plurinational State of",2015,3.5329732293247247,1.511378066211012,9.120736007991457,10.239494114445522,95.8293914794922,67.205,68.393,74.3,32.6203561511634,6.852,7.62601624112244,-0.5313792004167944
19,BOL,"Bolivia, Plurinational State of",2019,5.407020370194653,1.857394322017314,9.208962471567656,12.22175758248909,98.238639831543,67.82,69.773,84.9,31.2971112127176,6.927,7.725906877783523,-0.677454011908942
20,BOL,"Bolivia, Plurinational State of",2021,6.524265886903901,2.018133249318368,9.154319937700045,12.922923305610832,98.8565673828125,61.427,70.475,95.1,30.7897110747146,8.199,7.673620740100477,-0.7282331038564228
21,BOL,"Bolivia, Plurinational State of",2022,6.667265758327878,2.036960066598675,9.178096834380554,12.46872564869134,99.5986480712891,67.434,70.83,95.6,30.4985263912342,6.044,7.695052622455538,-0.6859291578297897
22,BOL,"Bolivia, Plurinational State of",2023,6.821473861976493,2.0568730101968686,9.194715958310155,13.466129302881486,98.9345397949219,68.581,71.186,99.6,30.1423997294384,4.958,7.712577310463167,-0.6387842607471089
23,BOL,"Bolivia, Plurinational State of",2024,6.871913455037182,2.0633011656647695,9.194747111721645,,,,71.545,,29.7865638630777,5.212,,
24,CAF,Central African Republic,2010,18.167882714249515,2.9532361030834293,7.300076839578291,37.36357959594092,79.885383605957,46.871,38.904,,45.9473529408164,9.815,6.230640985285151,-1.2984385268134249
25,CAF,Central African Republic,2019,28.4345917609376,3.3821705732125706,7.044116346303642,28.34183246494384,,31.53,41.77,1.5,49.0201283049631,9.212,6.198408216018399,-2.117323669194441
26,CIV,Côte d'Ivoire,2016,14.944990117248782,2.7691446806593065,8.579575601515794,17.434968407497117,90.1342468261719,58.814,49.881,36.7,42.3479845411618,2.04,7.110995695182061,-0.08805112593830722
27,CIV,Côte d'Ivoire,2022,3.122533609831597,1.4164679281974244,8.744052065578147,16.584333209761567,94.6489410400391,61.562,52.661,45.3,41.6626736856277,4.278,7.225816103144946,0.4898417814206852
28,CMR,Cameroon,2014,26.60778581510021,3.318097827691869,8.431523422066364,16.82583817800948,113.995613098145,59.13,53.976,18.8,43.3606160283733,6.198,6.910943194300493,-0.7851673709458767
29,COD,"Congo, Democratic Republic of",2018,10.562778583021805,2.4477911962150465,7.157332193411248,18.88734318600656,113.982978820801,59.926,44.46,1.0,45.867494578023,8.622,5.841588484345501,-2.2186062021812774
30,COD,"Congo, Democratic Republic of",2020,10.161253991479533,2.412448315468626,7.153546710690853,20.88341888437532,118.195663452148,60.428,45.638,1.0,46.0525923753014,9.617,5.817906637189612,-2.408635500292296
31,COL,Colombia,2012,4.281739690995344,1.6642555303802078,9.634331410449441,5.582687053549325,118.63996887207,75.611,78.701,87.1,26.263594585768,20.086,8.271417342747378,0.7612836675672634
32,COL,Colombia,2013,4.10299703044522,1.6298280201583297,9.67490719411686,5.392714954494723,119.084732055664,75.834,79.061,90.1,25.658665088736,18.729,8.307151747862038,0.7391187650051417
33,COL,Colombia,2014,3.9630921422002934,1.602028962260141,9.709985515298577,5.446957214744208,116.080101013184,75.95,79.415,89.9,25.0633611156397,18.245,8.33982956466965,0.7409286420347015
34,COL,Colombia,2015,3.4123736735685855,1.4844127926300072,9.730465430059414,5.980424808498158,115.497077941895,76.067,79.764,91.8,24.489485993707,17.316,8.36163159626487,0.8076945034837335
35,COL,Colombia,2016,3.145573195938173,1.422041065139564,9.741218260493095,6.606412266057871,115.443153381348,76.228,80.108,92.8,23.9158548197047,18.274,8.367436959203587,0.8086510153145949
36,COL,Colombia,2017,2.961990846394284,1.3767466379239388,9.740205591903196,6.389663552681182,113.305381774902,76.418,80.446,92.7,23.3055636111038,18.467,8.373250919553373,0.6303281570819391
37,COL,Colombia,2018,2.077489606696157,1.124114201880243,9.74713377669048,6.225709689600331,111.699180603027,76.579,80.778,92.6,22.6839423675104,19.45,8.386708704394183,0.6870857609643118
38,COL,Colombia,2019,1.9263624866424234,1.0737601796283505,9.760642730141626,6.410720821683137,109.355506896973,76.793,81.104,97.1,22.1227454885225,20.658,8.408741084878574,0.8430795050842627
39,COL,Colombia,2022,1.0183107757179342,0.7022609119167365,9.823346391261673,8.831544736890406,104.830467224121,76.508,82.05,100.0,20.9532806420881,20.982,8.561153327779467,0.7438914924223706
40,COM,Comoros,2012,13.180525812368124,2.6518696016836336,7.961858182076113,30.173089930475527,,63.463,28.123,63.1,40.4986873367423,9.515,7.04888779678902,-1.1544289715752565
41,COM,Comoros,2022,9.714137701437659,2.3715641498530906,8.154550035371432,35.164324118156784,,66.481,29.864,82.9,37.7186557466662,8.652,7.281881910725179,-1.7334698099653243
42,CRI,Costa Rica,2013,0.5024054357552454,0.40706744751326984,9.91508341390741,4.783350932854634,109.402267456055,80.189,74.97,98.4,23.4234747135744,21.559,8.86576284329072,2.4791858587091116
43,CRI,Costa Rica,2014,0.18287555829797852,0.16794838783006763,9.939140455219762,4.887883789928915,108.512069702148,80.231,75.941,98.3,22.9642578672779,24.23,8.90208674255501,2.541881237962494
44,CRI,Costa Rica,2015,0.30944453822946627,0.2696030306738662,9.96438432993689,4.74911042906871,106.731491088867,80.407,76.862,97.7,22.5297805320568,22.363,8.937153112188591,2.4089314375968933
45,CRI,Costa Rica,2016,0.45420363628938165,0.3744584217735219,9.995455794299879,4.914355786880648,107.027153015137,79.988,77.735,98.5,22.1206092668016,21.65,8.963888159222567,2.3421131556436623
46,CRI,Costa Rica,2017,0.21074894450137469,0.19123913052826286,10.026746830624274,4.699776331482236,106.603530883789,79.994,78.56,98.9,21.7587214952769,20.736,9.008497406694147,2.111057466822843
47,CRI,Costa Rica,2018,0.1453032488207628,0.13566944807232797,10.043523898441517,4.483828337190273,108.677192687988,80.09,79.34,98.9,21.4468038157109,25.071,9.01875508888731,2.280899388963617
48,CRI,Costa Rica,2019,0.08869986493467295,0.08498419984388272,10.059027971696242,4.202051163025725,110.891120910645,80.296,80.076,98.9,21.1293168479945,31.194,9.027143980112193,2.4177381740149726
49,CRI,Costa Rica,2020,0.12002714740109609,0.11335292376422805,10.008426742096828,4.344225560375062,109.79963684082,79.725,80.771,99.7,20.7362762001621,40.108,8.948331155781071,2.3182392658352877
50,CRI,Costa Rica,2021,0.1190807007116031,0.11250754532776128,10.079704065667908,4.366713259341457,108.852310180664,78.05,81.425,100.0,20.2971746471706,39.2,9.02338647223785,2.136430991143983
51,CRI,Costa Rica,2022,0.06595889962393275,0.06387476930048723,10.119917391154267,4.140073620995341,107.611297607422,79.316,82.042,100.0,19.8396344419345,30.718,9.044639437009623,2.025079080232923
52,DOM,Dominican Republic,2014,3.506202579023877,1.505454798616861,9.74065018671954,4.837803032647637,108.064552307129,73.145,77.67,93.6,29.5305305521215,13.343,8.43562201571607,0.08686038980525401
53,DOM,Dominican Republic,2020,0.203190837773347,0.18497705930192085,9.880546914550434,4.522528402378887,105.925239562988,72.636,82.54,100.0,27.6825804165948,14.766,8.586266655957516,0.4303916652200767
54,DOM,Dominican Republic,2021,0.2763212870267214,0.2439819455689176,10.001270082063405,4.215675902840547,96.8704605102539,71.757,83.213,94.8,27.4364069035797,16.874,8.655195046091057,0.783520140402483
55,DOM,Dominican Republic,2022,0.32653792200254717,0.2825724822025175,10.042725796111526,4.153719841887107,100.492286682129,74.211,83.848,94.5,27.1919594566107,12.852,8.698667372620454,0.8697019738263756
56,DOM,Dominican Republic,2023,0.23841713851697316,0.2138340629993061,10.055499783529452,4.294253039985247,94.7164535522461,73.72,84.446,98.2,26.9140017944156,11.559,8.71594896346924,0.9717045936197921
57,DOM,Dominican Republic,2024,0.30484407072685377,0.26608354760256975,10.095366133569241,4.453984481879723,,,85.011,,26.5786510625149,11.675,8.752063783639505,
58,DZA,Algeria,2013,3.1853362319620113,1.431587042879535,9.600975485679797,9.12007464194984,112.249488830566,74.809,69.576,97.8,28.0774960876092,25.459,7.482594911541769,0.16203903197907155
59,DZA,Algeria,2019,4.368716128249217,1.6805887976733374,9.629063798627875,11.479179885716384,107.775131225586,75.682,73.189,98.7,30.6392172353534,31.119,7.554523663738973,-0.19217546598630925
60,ECU,Ecuador,2013,2.329989312866557,1.2029690946378202,9.52443202457674,6.96320880489033,104.89217376709,75.832,63.125,95.4,30.0653486852687,8.332,8.207535525202863,-0.0002533482604313802
61,ECU,Ecuador,2014,1.7181662911782543,0.9999574953063964,9.551501542962072,7.404399670031854,105.968299865723,76.141,63.261,97.5,29.5684264877395,9.031,8.227953942838473,-0.21104117274829304
62,ECU,Ecuador,2015,2.8541052273128638,1.3491388730218472,9.53838938073929,8.020496297287968,101.185890197754,76.222,63.398,97.0,29.0480335787806,8.824,8.25354258956568,-0.15443688274069625
63,ECU,Ecuador,2016,4.215069388859197,1.6515523939939765,9.516906714667538,8.072125858949976,99.030403137207,76.094,63.534,96.8,28.5021025421871,10.349,8.178891361707134,0.06858947512231736
64,ECU,Ecuador,2017,4.716048150358363,1.7432776838177189,9.559598642786893,7.902220409515742,98.248161315918,76.22,63.67,97.8,27.9513711595371,8.465,8.22978031805708,0.08188794503052611
65,ECU,Ecuador,2018,5.639042940089215,1.8929678175710862,9.552830677797319,7.645059948058114,98.9310989379883,77.248,63.821,96.9,27.40143850747,7.956,8.233192039881283,0.14256442471128336
66,ECU,Ecuador,2019,6.530463887107215,2.0189566451078016,9.537590898444604,7.786764598590857,98.3505783081055,77.286,63.986,97.8,26.8591794998639,8.733,8.23738309754645,0.28681593381491255
67,ECU,Ecuador,2021,7.0270693551639045,2.082819499346809,9.51107029211562,8.079999832803184,98.2059173583984,72.746,64.361,100.0,25.9766482079736,9.225,8.211177017189815,0.44402740354745934
68,ECU,Ecuador,2022,6.221331296428953,1.9770393259940848,9.560126361274541,7.393039923554625,99.5941925048828,76.577,64.57,100.0,25.5167430556853,8.403,8.261458204825457,0.17850084841471714
69,ECU,Ecuador,2023,5.645410982182739,1.8939265385871773,9.571088340819596,7.995473633338035,97.3006973266602,77.392,64.792,95.5,25.0046899116094,7.782,8.293950533005198,-0.2047630647155666
70,ECU,Ecuador,2024,8.958836870281672,2.2984602846849795,9.542269383227815,9.476100950746408,,,65.029,,24.4558490395414,10.099,8.27239859544748,
71,EGY,"Egypt, Arab Republic of",2010,1.8448271847116633,1.0455023222224935,9.48265404067101,13.340759157964529,94.5771713256836,69.078,43.019,99.1,33.8874180811044,24.583,7.798460785814878,0.5176816505652757
72,EGY,"Egypt, Arab Republic of",2014,1.4302629362644144,0.8879994557228411,9.483215787146372,11.337708920187794,94.0423736572266,69.911,42.839,99.7,33.9580258125986,32.198,7.901599680126754,-0.11533116213167309
73,EGY,"Egypt, Arab Republic of",2023,2.6639056542242616,1.2985296970874207,9.72270805011826,10.600311164503614,90.3061828613281,71.633,43.1,100.0,32.4351191889426,19.073,8.096667933846955,0.4520720257226045
75,ETH,Ethiopia,2015,33.144445286938115,3.530599916474619,7.579890517692977,36.05697539057863,97.1190070122981,63.592,19.428,15.5,42.8518050625533,3.811,6.095893117059677,0.0872028603992514
76,ETH,Ethiopia,2021,13.81771729895673,2.69582357959387,7.859186527532514,37.57911375688627,102.679576994027,65.33,22.174,42.8,40.0647936913075,6.246,6.371870019912952,0.10135981698764636
77,FJI,Fiji,2021,31.147384553667184,3.470331096011042,9.27670819026943,15.276481055279742,110.814965251253,64.904,57.74,86.8,28.0081181528312,16.832,,2.3273820390637536
78,GAB,Gabon,2012,10.545245667175317,2.446273721677101,9.875674465041493,3.3536977767633367,,65.438,86.634,32.3,36.9636353447242,35.213,7.8164049691820585,-0.14747804370713594
79,GAB,Gabon,2021,8.118606544498872,2.2103170012391105,9.8268537672195,6.7698228099570406,99.9486457966936,67.072,90.423,26.8,36.8222492996657,38.295,7.734384103979302,-0.4136932285700003
80,GHA,Ghana,2018,17.839736000242105,2.935968256324035,8.73801598497658,18.13655031925207,97.3151168823242,64.138,56.06,68.3,37.8459029627483,6.099,7.160360619781581,1.0311604466413833
81,GHA,Ghana,2022,5.070179882116732,1.803388239247917,8.814249310898022,19.513638202715818,96.5331573486328,65.246,58.615,71.6,36.5291305189345,5.505,7.35293287056901,1.1397134300840959
82,GIN,Guinea,2016,19.50478731368364,3.020658386377824,8.039411790979624,17.589947436421056,94.3621520996094,58.49,35.46,6.7,43.0672623194012,6.784,6.5059019882743865,-1.0325590599785812
83,GNB,Guinea-Bissau,2014,35.79442725549638,3.605346400433154,7.664436366514852,34.82580687136835,,59.476,41.715,5.8,42.4752135475821,3.94,6.0542848776397316,-1.9624192179340625
84,GNB,Guinea-Bissau,2019,19.179829057069743,3.0046835439812467,7.791152544906396,31.082569280978014,,62.161,43.777,14.3,40.9289087338695,2.051,6.352752475260415,-1.833831924409365
85,GNB,Guinea-Bissau,2022,11.496958713867919,2.525485311814739,7.849879074286568,38.66455312577423,,63.605,45.041,15.8,39.7047487828474,2.826,6.434460750420278,-1.6542195930954995
86,GTM,Guatemala,2010,4.746096110053604,1.7485206868449197,9.192788983558792,11.234151690189725,117.174377441406,69.885,48.403,74.2,39.2796021410179,5.296,7.995899175146752,-0.2691070402559277
87,GTM,Guatemala,2011,3.059460410467358,1.4010500609553713,9.213643744536688,11.258742752003558,115.991149902344,70.321,48.701,74.0,38.6764836466538,4.994,8.01171106389509,-0.3320207735661496
88,GTM,Guatemala,2012,6.545101884223585,2.0208985956705336,9.223042168936118,10.72274975333672,111.67342376709,70.722,49.0,78.3,38.0849047722887,4.618,8.022723312149632,-0.5211002650980883
89,GTM,Guatemala,2013,3.79667500042013,1.5679229696348271,9.239786477141516,10.356221215862478,108.923187255859,70.878,49.311,80.4,37.5045032969479,5.512,8.039543870206858,-0.4572360509669907
90,GTM,Guatemala,2014,4.073366370984863,1.6240045757648964,9.264313645501513,10.074483516950671,105.432632446289,70.942,49.634,76.7,36.9435760415388,5.691,8.064972193364431,-0.47122010471729925
91,GTM,Guatemala,2015,3.785932501911647,1.565680886150551,9.286093104917622,9.96700317233299,104.099853515625,70.915,49.971,84.6,36.4121874487963,5.581,8.0967874338244,-0.49336600374405765
92,GTM,Guatemala,2016,3.426197145369524,1.4875407831966336,9.294092530811708,9.661395488147033,103.013893127441,71.215,50.319,86.8,35.8878857392942,5.582,8.118266615059479,-0.4777749626973059
93,GTM,Guatemala,2017,3.9338194040606163,1.5961134150985348,9.306237568334847,9.696286721408097,103.033592224121,71.583,50.68,89.6,35.3681791247693,4.939,8.132284860898322,-0.5338607391074832
94,GTM,Guatemala,2018,4.142855999658113,1.6376085671120717,9.323077072102155,9.435507565446,103.577819824219,71.496,51.054,91.2,34.8649698721067,4.679,8.15048360525238,-0.5761996492454043
95,GTM,Guatemala,2019,3.304010530358697,1.459547269501169,9.347261435578021,9.408725550642728,103.427291870117,71.639,51.439,93.5,34.3505691205216,4.461,8.18138148196601,-0.6715242106884565
96,GTM,Guatemala,2021,3.5729735975367003,1.5201636711050635,9.378067692433424,9.17348969814635,103.809898376465,67.858,52.245,98.1,33.2663206192998,3.785,8.218489851274075,-0.9284113669542202
97,GTM,Guatemala,2022,4.176006906946583,1.6440338916155188,9.404996428032415,9.082101904823077,103.906227111816,71.206,52.666,98.1,32.7140281166214,6.274,8.246501926483704,-1.0398862535088838
98,GUY,Guyana,2014,12.851674641148309,2.6284061380422834,9.395246330857985,24.594086500999826,91.8280268330104,67.334,26.414,84.2,30.4814585490614,23.72,,0.15873524952506352
99,GUY,Guyana,2020,11.398750851250734,2.517595729734238,9.864493583958064,16.851003324985076,99.12451171875,67.751,26.786,90.5,29.4667432009278,30.857,,0.5676627346634755
103,HND,Honduras,2010,3.5924230790867187,1.52440778872065,8.593611915020615,11.591220437975716,98.8030395507812,69.77,51.885,61.8,38.0690967564371,7.506,7.395251774561072,-0.4273583929436651
104,HND,Honduras,2011,3.426523990218243,1.4876146237353474,8.610580380907164,14.21965580169765,97.1901092529297,70.116,52.543,63.4,37.4398855441133,8.064,7.4099459364025275,-0.3273757601467064
105,HND,Honduras,2012,3.363902507945692,1.4733667276538414,8.630808935616054,13.56629403470611,93.8849105834961,70.46,53.202,66.7,36.8121668237795,6.972,7.4315675452945165,-0.7108801863757664
106,HND,Honduras,2013,3.9283341027998393,1.5950010207675,8.638549187200883,12.191127940396145,91.1447525024414,70.765,53.858,73.4,36.1855111396849,9.823,7.448750811945163,-0.7446887373377482
107,HND,Honduras,2014,3.7733116534691,1.563040330983077,8.649302003617477,12.538350133310502,89.2037887573242,71.032,54.514,76.5,35.5523882635372,11.865,7.454612498955234,-0.5194114565712916
108,HND,Honduras,2018,4.213480497552659,1.6512476744814577,8.735570158636815,11.610160461364448,88.743467505188,72.001,57.096,81.9,33.1413951598893,10.489,7.562008755071753,-0.3689093347640356
109,HND,Honduras,2019,3.6178690073293205,1.5299333448585568,8.74273687495009,10.638033409475147,87.798469543457,72.124,57.73,80.3,32.6392711477148,10.761,7.590439946569349,-0.5250165709660545
110,HND,Honduras,2023,3.3212971443500114,1.463555622081373,8.774758271317744,11.978794840663154,86.5522918701172,72.884,60.212,88.8,30.9961501574799,10.498,7.699155822297319,-0.8643907417964951
111,HTI,Haiti,2012,20.262582263831458,3.0569488266777625,8.09764159678915,19.469903594855527,,62.273,49.477,3.9,35.4691996207858,34.304,7.158486327263643,-1.726469949922316
112,IND,India,2021,0.14137039784507469,0.13222964383152971,8.993553893405336,17.372561526031365,102.316123319201,67.282,35.393,99.3,25.9051614152815,20.824,7.091825696293593,1.1702403620959814
113,IND,India,2022,0.10982427782227158,0.10420169452394244,9.058981513635942,16.546129592575387,111.084455603874,71.698,35.872,99.3,25.4877038842946,17.769,7.155918483263166,1.4094999245077169
114,IND,India,2023,0.22898834285705166,0.2061913454754901,9.138065982793638,16.193189357159135,112.03123091725,72.003,36.364,99.2,25.0570622244071,15.661,7.201163279803446,1.5022987553698401
115,IND,India,2024,0.17303435981576926,0.15959386149788643,9.191979927972556,16.352960956941985,,,36.867,,24.6239027058366,16.028,7.265656681379597,
118,IRN,"Iran, Islamic Republic of",2010,0.6056049612318444,0.47350060845027747,9.598195045846326,6.499390725602164,107.240280151367,74.39,70.626,98.3,23.4440887155161,28.7,7.929279652882134,-0.4864833589809604
119,IRN,"Iran, Islamic Republic of",2011,0.41355382290438564,0.3461069751799367,9.611948684784423,4.642116204566292,107.185096740723,74.721,71.2,98.3,23.3284122570617,26.645,7.959912846643461,-0.36122014181700657
120,IRN,"Iran, Islamic Republic of",2012,0.46816609347730953,0.3840140664878867,9.56124726614723,6.79693716710654,107.180732727051,75.039,71.755,98.4,23.2783168730676,26.894,7.928403945226416,-0.32360443042305587
121,IRN,"Iran, Islamic Republic of",2013,0.31587079098380105,0.27449864493983683,9.532843442314121,8.774909772760259,120.710372924805,75.349,72.295,99.4,23.3021591559915,23.872,7.905334923055925,-0.40294077753915647
122,IRN,"Iran, Islamic Republic of",2014,0.26198057526814467,0.23268237197849065,9.568054799573185,9.37842415684426,111.849983215332,75.635,72.83,100.0,23.4123786500549,24.972,7.898493157964177,-0.2185814241761312
123,IRN,"Iran, Islamic Republic of",2015,0.22017593809051145,0.1989950598972788,9.540089495984835,10.091601414112562,109.025131225586,75.907,73.358,99.8,23.5910518166432,25.962,7.881117622292663,-0.016600295572538643
124,IRN,"Iran, Islamic Republic of",2016,0.2689889785103257,0.23822050351748597,9.610229571621716,9.784420380706123,107.907333374023,76.155,73.88,99.8,23.7667032309414,29.087,7.908983437736395,0.0899246705482511
125,IRN,"Iran, Islamic Republic of",2019,0.3132000737845214,0.2724669628321109,9.54978423559477,13.324869174343284,106.081970214844,76.855,75.391,100.0,23.9130747065987,25.948,7.819644197669513,-0.4657528416105855
126,IRN,"Iran, Islamic Republic of",2020,0.2618444466863246,0.2325744971608881,9.574855253077022,12.212998105241022,104.484008789062,74.141,75.874,100.0,23.7741603461688,23.712,7.8173715761276465,-0.8660035576345128
127,IRN,"Iran, Islamic Republic of",2021,0.23777800487922687,0.21331784063804016,9.612660196973316,12.393095995254342,,73.752,76.345,100.0,23.5503936372517,23.752,7.847383821628042,-0.8378298828628248
128,IRN,"Iran, Islamic Republic of",2022,0.25649106504883384,0.22832296699240956,9.637719141633957,12.765315121686596,,76.799,76.807,100.0,23.2212381703766,22.7,7.918576088691075,-0.8798170673327793
129,IRN,"Iran, Islamic Republic of",2023,0.2529437865004442,0.22549581177941388,9.674893541329551,12.835764473318443,,77.654,77.257,100.0,22.838783032187,22.637,7.94694679286252,-1.0870541688881086
130,JAM,Jamaica,2016,4.692734295797644,1.7391906767908254,9.199031809801617,6.598787603458312,94.3311004638672,72.052,55.098,93.0,22.8352637001475,24.661,8.316317581905155,1.360158598119746
131,JAM,Jamaica,2022,9.258319841698155,2.3280890682137105,9.21761867369542,8.099365101753357,90.7408676147461,71.481,57.008,100.0,19.5798451927764,13.117,,1.6645234163022264
132,KEN,Kenya,2021,3.809060052786817,1.5705016498005917,8.58295329745777,21.47707509572517,,61.225,28.493,68.2,38.6874677694824,12.232,7.135302065789203,0.2314304634897752
133,KEN,Kenya,2022,3.448720500640088,1.492616526888016,8.611174084984132,21.03619206499328,,63.549,29.002,65.0,38.0712456350252,12.187,7.146393940481917,0.2847638546677632
134,KGZ,Kyrgyz Republic,2018,8.202436544644092,2.219468290799734,8.691621808685616,11.675286484238448,100.821829500418,71.4,36.351,100.0,32.3299691629984,7.217,6.948883064841654,-0.5271627980895678
136,KHM,Cambodia,2012,4.102368378543317,1.6297048198852373,8.333309665279005,26.795349937528297,120.336936950684,68.371,21.037,28.5,32.4283491051289,0.682,6.918062076254573,-0.77672422826003
137,KHM,Cambodia,2017,3.3729031033480674,1.4754271142497948,8.63640298766178,17.868177158358588,110.514587402344,69.842,22.98,86.1,31.7040309990949,0.382,7.1283043508686665,-0.9369378196618066
138,KHM,Cambodia,2020,4.187240918555577,1.64620194089863,8.720914536918917,17.039652291143486,111.00936126709,70.059,24.232,82.9,31.0778017734446,0.474,7.156048727886399,-0.6552663582278271
139,KHM,Cambodia,2021,3.80990342251261,1.5706770054363877,8.736574900626277,16.904414371009576,108.737748740777,69.301,24.668,77.1,30.7812858676309,0.83,7.11656323520681,-0.5830674927532923
140,KHM,Cambodia,2023,2.3417840716491582,1.2065048175679465,8.809309211522523,17.078447245559193,111.392143004927,70.668,25.57,93.4,30.1105571746776,0.695,7.186017140164373,-0.4721349073936466
141,KIR,Kiribati,2019,9.31761702923729,2.3338528253704127,7.982240463912079,26.97835872298845,104.128310837522,65.866,54.835,90.1,35.1362365387486,,7.467741057828692,2.154310573402383
142,LAO,Lao PDR,2017,29.566333861336208,3.4198992026834403,8.913746659628826,16.19975985619791,107.5012462198,67.345,34.368,90.5,32.5273323571022,5.779,,-0.35441110092357986
143,LAO,Lao PDR,2022,5.864798229108919,1.9264066475438546,9.009940323352447,14.868882228227642,97.2226134363857,68.715,37.592,100.0,30.9169093958433,2.184,,-0.40726668013190576
144,LBN,Lebanon,2019,0.31177883366766196,0.2713841044124098,9.6589011185722,3.169099851502452,,78.208,88.758,99.6,27.9082883114848,23.28,8.917737772809742,-0.742489938474051
145,LSO,Lesotho,2018,9.459051053764295,2.3474677330838905,7.954167996488632,4.249775434305065,100.601681516616,54.638,28.153,,36.2917847246042,24.901,6.767488628868794,0.31721989288368657
146,MDG,Madagascar,2018,27.260246391069593,3.341456095939874,7.426421821856277,23.973383300586143,136.93602734389,63.491,37.191,16.0,40.9322941985732,4.193,5.797662859119435,-0.8944071917358086
147,MDG,Madagascar,2022,4.570238184936615,1.717437815132032,7.3800772709489655,21.544235787842723,138.19226558666,63.068,39.882,10.9,39.8661354559159,5.602,5.776514148274375,-0.7727678204309916
149,MEX,Mexico,2019,2.68251920335629,1.3035970841017548,9.985306494731796,3.315024402843598,105.095039367676,74.53,80.444,98.3,26.3467733838135,7.16,8.865320028808252,-0.06537412887124809
150,MEX,Mexico,2022,2.750822736445077,1.321975212303806,9.97082425467572,3.899314571789597,102.004783630371,73.973,81.3,100.0,25.3113209855908,6.465,8.8673881577273,-0.27308776991302297
151,MKD,North Macedonia,2011,8.130377164310548,2.2116070041928957,9.75273959221976,9.350992920941174,,75.1,57.092,99.6,19.044836041933,55.109,8.087040947481906,0.891345810160756
152,MKD,North Macedonia,2019,12.459416601680399,2.5996789801628584,9.988135888741738,8.132291394476262,93.6538467407227,76.60243902439025,58.208,100.0,17.2420652799976,35.353,8.34600628094973,0.6645342345737246
153,MLI,Mali,2015,3.3963564381690388,1.4807761156404176,7.896388902693383,30.525122276133,72.1444473266602,57.852,39.991,7.3,47.9908241920006,2.169,6.429494797158397,-0.41928206450473976
154,MLI,Mali,2016,3.357564294039856,1.4719132531029253,7.923025661619833,30.99871927024608,73.5641021728516,58.286,40.783,8.4,47.9672952669491,2.134,6.45174620013235,-0.47929182535541964
155,MLI,Mali,2017,3.7687629894108525,1.5620869399076496,7.943496380726436,31.400776643576062,76.4468078613281,58.562,41.572,,47.8892998113538,2.23,6.470774968469914,-0.42219738684733277
156,MLI,Mali,2018,2.5454199257405636,1.2656566087488896,7.959767217591614,32.49754139846564,72.0947494506836,58.873,42.356,25.4,47.7693714315401,2.321,6.479421032643639,-0.5161611155610191
157,MLI,Mali,2020,2.2481020971272514,1.1780708556499957,7.936449405519652,32.28996083701912,74.6229097090378,58.858,43.909,16.8,47.3193439270552,6.733,6.493784331688866,-0.7903966307753806
158,MMR,Myanmar,2020,0.7238699000194178,0.5445717053680887,8.687414248581284,22.418652540050267,,66.612,31.141,60.1,25.145748198512,4.955,,-0.7592322505156652
159,MNE,Montenegro,2018,11.628139337944992,2.535927604681829,10.0807431350627,6.7322377887813545,103.264472961426,77.88536585365854,66.813,100.0,18.4355183137245,29.61,8.677547776225556,1.3720041106032697
160,MNG,Mongolia,2018,6.84208585428426,2.0595048518189154,9.631103918793752,11.428004519305912,96.7014588979647,70.82707317073172,68.445,94.6,31.6053636290742,16.46,7.885953644638482,0.6067483739724079
161,MNG,Mongolia,2022,4.099522129032192,1.6291468351503768,9.63635521038096,13.027853403536083,95.5634577935822,71.90073170731708,68.93,100.0,32.8847775334722,11.555,7.912341179200701,0.4644590417338722
162,MRT,Mauritania,2015,12.068930594715505,2.5702377029202177,8.694593056332655,20.629545611190856,96.381950378418,66.498,51.089,,44.2531105658317,18.509,6.901997277351987,-0.7733150712230967
163,MRT,Mauritania,2019,1.1911565266288893,0.7844294987867515,8.726353097825834,19.957882454072024,90.7190322875977,67.64,54.507,,43.9837384179987,23.372,6.915045825323305,-0.19835479487745517
164,MWI,Malawi,2015,25.325154569324937,3.270524929582096,7.376940731893221,22.99483636983682,138.30826164904,62.324,16.313,3.4,45.4289835052199,6.731,,-0.03051454984357461
165,MWI,Malawi,2017,7.374343451288843,2.1251726807622107,7.386507624576332,22.926231982132336,138.961991786345,63.914,16.714,3.7,44.6414563644714,6.827,,0.013092509585732019
166,MWI,Malawi,2020,12.909451402897897,2.6325685661136076,7.413029432970401,25.015011006226672,136.815766207307,65.216,17.427,3.5,43.1180685360249,7.865,,0.2586143734038565
167,NER,Niger,2012,20.82638807873924,3.0831197001036696,7.2472156970235915,33.68099382086321,67.3207092285156,57.987,16.212,5.2,49.4502634011164,3.854,5.773241300712067,-0.13087984767861333
168,NER,Niger,2014,28.93056890931377,3.3988803296797405,7.288805576399097,33.429044234363936,72.2660064697266,58.693,16.219,7.3,49.3246975722044,0.674,5.763656461874504,-0.1703072841399597
169,NER,Niger,2022,29.19790629026993,3.40777259384076,7.449218102674963,41.3505163572647,68.331413269043,60.398,16.894,7.7,47.3266584157624,0.414,5.967264659852937,0.08332734586821655
170,NGA,Nigeria,2017,29.52470145303773,3.4185362395406753,8.639894624196625,20.84657143005422,76.4630992205934,52.397,49.519,22.6,43.8805787404257,9.835,,-0.8734188757614971
171,NGA,Nigeria,2022,5.783052833552413,1.9144272710464505,8.622244436245694,23.691871840460323,,54.079,53.521,27.0,41.9524339305195,6.01,,-0.9161639604839448
172,NPL,Nepal,2014,11.909733706294572,2.5579815777127823,8.194983630568114,27.461895362062226,141.936632219033,67.812,18.182,82.1,33.6340117169945,19.342,6.5766179976769585,-0.191179934210519
174,PAK,Pakistan,2010,2.4774086900548062,1.2462873871176914,8.349905680069883,22.688810174178865,74.5181025649786,64.378,34.997,82.1,39.3404697423593,1.287,6.916328741522618,-0.576011152384679
175,PAK,Pakistan,2011,2.4168586043538003,1.2287215922224846,8.353983931654161,23.81964297862802,71.0259884181485,64.659,35.202,82.9,39.1356717469259,1.719,6.933362768818824,-0.733011790019856
176,PAK,Pakistan,2013,2.256554086405242,1.1806696076197323,8.391209711985374,23.7075945934908,70.2436408942136,65.129,35.613,84.8,38.9429265910198,5.98,6.965806352065131,-0.5806870003366446
177,PAK,Pakistan,2014,2.201399885354202,1.163588178319315,8.416540384641314,23.49273200978554,74.3189018516843,65.374,35.819,85.8,38.8636272293292,4.052,7.006181651849478,-0.3859314448232396
178,PAK,Pakistan,2015,2.093377036580861,1.129263386235217,8.44382353663854,23.262840775624166,74.8479908789247,65.641,36.026,86.9,38.7612117135196,6.682,7.022067241674583,-0.36457923341602877
179,PAK,Pakistan,2018,1.82635207831986,1.0389868618949518,8.567137642818377,21.65123535939572,82.0333064173511,66.481,36.666,90.1,38.2979161633197,7.864,7.190359873010973,-0.24283851444158613
180,PAK,Pakistan,2019,1.5569653111634103,0.938821129992315,8.574887019379734,20.67787132228868,83.1845752333307,66.729,36.907,90.7,38.0886554477603,9.598,7.227623761330756,-0.34119062275204315
181,PAK,Pakistan,2021,0.9781959455372823,0.6821852907498127,8.588261654838726,22.66250807607427,84.3684597161784,65.773,37.44,91.9,37.5856838554854,11.053,7.25217788845035,-0.07502920939789581
183,PAN,Panama,2010,1.7336265197084126,1.0056291231577563,10.031885631708041,3.6360032899331394,106.050537109375,76.417,65.14,64.7,29.1899347808413,13.43,8.700612459927527,1.078379842424241
184,PAN,Panama,2012,1.6415913435881822,0.9713815172205219,10.20091765599768,3.128776878875018,103.401817321777,76.877,65.741,71.1,28.6801735077597,9.583,8.752028381647497,1.0772366910651925
185,PAN,Panama,2014,1.895924539627446,1.063304417425508,10.272731332330151,2.98667755648831,99.1061172485352,77.365,66.371,74.5,28.1713434686489,11.523,8.849243174932013,1.18090401133442
186,PAN,Panama,2023,1.7574035928016225,1.0142895097216937,10.487513826824323,2.450282130453097,94.5526123046875,79.594,69.512,90.7,25.2761698939099,16.765,8.939847451492087,0.44688950870417543
187,PAN,Panama,2024,2.0451016524047767,1.1135342839888107,10.503065754970136,2.5765727958599776,,,69.888,,24.8949248346335,16.75,,
188,PHL,Philippines,2019,1.346824973719674,0.853063339618398,9.154118528175008,8.820323747305245,95.9793329033507,69.68,47.149,93.0,31.2733955871098,6.696,7.843448730509825,0.48365051776089585
189,PHL,Philippines,2022,1.7001939964816057,0.9933236209778992,9.154627214265098,9.55176804414326,91.8715546202869,69.472,47.977,91.1,29.3310099808108,6.813,7.853300344698886,0.576443061873731
190,PRY,Paraguay,2016,7.502032190976409,2.1403052162122354,9.604249883341415,10.696513407573049,98.1175384521484,73.487,61.026,96.1,29.873417498703,11.529,8.250909647168411,-0.3240880996244749
191,PRY,Paraguay,2017,2.303415907692856,1.1949570566447676,9.637001688032772,10.184824482152116,,73.45,61.3,98.5,29.6522664370493,14.28,8.283317504943218,-0.3127140630831434
192,PRY,Paraguay,2018,2.312457452417524,1.1976903466766484,9.654640486748809,9.950203385488557,,73.627,61.585,99.1,29.4697304026531,14.52,8.31195264867688,-0.19420583437839053
193,PRY,Paraguay,2019,2.025987565469883,1.107237506127676,9.637066165001837,9.667473664167268,89.8882085878874,73.668,61.879,99.4,29.2982426250081,15.3,8.316386530044966,-0.16724887913713535
194,PRY,Paraguay,2021,1.71273569124672,0.9979576058739935,9.642588073948561,11.2789007802766,92.5459365844727,68.108,62.496,100.0,29.0219356684184,16.203,8.313496928353471,-0.3288855727785446
195,PRY,Paraguay,2022,1.701302081602158,0.9937339092091885,9.632999848120736,10.8974804512494,93.2309494018555,72.319,62.818,100.0,28.926431676879,14.601,8.324722046340876,-0.3601977244953884
196,PRY,Paraguay,2023,1.4062241409595027,0.8780587723819794,9.66947814992705,11.580275096170752,92.3777923583984,73.844,63.149,99.5,28.7810049639502,13.185,8.343850937282868,-0.2241760534863284
197,PRY,Paraguay,2024,1.1269114408039576,0.7546708996220931,9.69875372376174,10.708048272647632,,,63.489,,28.5879240940415,14.105,8.382374108250385,
198,PSE,West Bank and Gaza,2020,8.020774328007848,2.199530176067148,8.598714659928055,7.101605104399391,95.1808624267578,74.998,76.719,100.0,39.3067665649116,42.053,7.846935498576535,0.07379594873150058
199,SDN,Sudan,2014,16.311504693218236,2.851371291650473,8.344861684674257,32.624270816267384,76.3096008300781,63.99,33.689,28.9,44.0197447832769,27.34,6.996570915174851,-1.7094831107100454
200,SDN,Sudan,2022,1.5798069408690818,0.9477145670131768,8.049770915110393,5.031292661501224,,65.695,35.956,49.4,40.9119122964239,12.0,6.784830729581044,-1.8249655228171013
201,SEN,Senegal,2016,14.737401945648209,2.7560401687329907,8.219071566877082,14.4140203888971,83.9003457682441,66.724,46.296,44.5,42.0962643936666,6.374,6.807957292878479,0.8664024047465999
202,SEN,Senegal,2019,4.352454738781724,1.6775552853565923,8.311794335274877,14.896272123444476,83.3581314086914,67.668,47.653,47.8,40.8595094154888,4.037,6.855448578416238,1.068947540716379
203,SEN,Senegal,2022,6.587097021067962,2.0264490440780447,8.349894344866536,16.333323196840553,83.2787017822266,67.788,49.086,43.4,39.1603034665879,3.915,6.8726720427086825,1.142405097432234
204,SLE,Sierra Leone,2017,23.139177016638225,3.183836122985429,7.921863694869606,33.3320506947837,122.320801312267,57.761,41.636,5.4,41.0242626027215,5.266,6.910090963316722,-0.550079472511712
205,SLV,El Salvador,2020,2.501465819846661,1.253181686491226,9.179205608113195,5.35480047301112,90.9966583251953,70.244,73.444,100.0,26.3333356590365,11.069,8.05197963292699,0.13867972725925853
206,SLV,El Salvador,2021,2.0230677316017758,1.106272120971985,9.28829290286071,4.812255148720145,89.3974380493164,69.941,74.118,94.1,25.9958408074195,9.804,8.139791743769564,0.03716055626808041
207,SLV,El Salvador,2022,1.6758731328857592,0.9842757319066127,9.313494057045842,4.558752838081563,89.3291473388672,71.969,74.767,100.0,25.617058623933,7.48,8.13493130302114,0.07325068683284722
208,SLV,El Salvador,2023,1.8255703060513047,1.0387102224719822,9.34361574962969,4.450412566454599,91.0513610839844,72.099,75.393,96.6,25.2103928855349,6.956,8.139348022646285,0.6593907050655529
209,SRB,Serbia,2014,10.347790262370813,2.4290230344327317,9.793808548360067,6.117375335927842,102.185791015625,75.33658536585367,55.583,99.5,14.319447946837,47.632,8.310915043842778,1.0633702943714358
210,SRB,Serbia,2019,12.511515264743354,2.6035423044350687,9.97770972104926,4.764748514931961,99.6345596313477,75.93658536585367,56.26,99.7,14.2533414248396,27.495,8.437732586452592,0.8607703805622786
211,SRB,Serbia,2022,5.899299564586304,1.931419894071687,10.111885714128057,5.338337720634305,98.8989791870117,75.23658536585367,56.873,100.0,14.3546142379414,23.214,8.566470508451653,0.9337610252329458
212,SSF,Sub-Saharan Africa,2020,16.913160422065165,2.885535661815326,8.340385504955083,18.250467670566792,99.0366668701172,61.16752708299017,41.36862978615413,28.819100429819827,41.98576574548761,12.49124217319005,6.973024019726945,
213,STP,São Tomé and Principe,2014,14.506982649174791,2.741290415978619,8.561036995609173,13.279576863664513,106.443450927734,65.478,69.213,52.4,42.0319464137787,14.86,,0.1615257549991676
214,STP,São Tomé and Principe,2019,13.406818616014313,2.667701609510098,8.64876226733075,11.929654819469627,111.996418979409,68.043,73.598,68.2,40.4731667541426,8.4,,0.4028203569356223
215,SUR,Suriname,2018,4.855138928294942,1.7673197249141919,10.040617136404771,10.032466985928828,103.715621948242,71.468,66.06,94.3,27.5121035841621,24.482,,0.601649318611549
216,SWZ,Eswatini,2010,6.652176685039958,2.0349901413584766,9.01331487850084,10.156212732348513,125.429336547852,48.331,22.48,39.8,38.8011064633653,54.314,,0.7428561164069796
217,SWZ,Eswatini,2022,21.624623526044328,3.1190388497147006,9.206001878905969,7.5820560091282045,,63.028,24.576,81.6,33.9505618309376,58.33,7.696981132078853,-0.2364020828005645
218,TCD,Chad,2015,15.495631086844563,2.803095563229948,7.9460373225018195,33.621025510837875,91.56591796875,51.32,22.515,0.5,48.5266754239477,1.403,6.438168635192053,-1.6312926008127755
219,TCD,Chad,2019,30.911357726600208,3.4629619880092473,7.865539664122942,37.59036525339141,86.5310592651367,52.993,23.279,,48.1220928242913,1.496,6.379741862338585,-1.8126219630954838
220,TGO,Togo,2017,27.466505546723635,3.3487281521592367,7.779137531489126,20.31545741324921,123.164161682129,60.135,41.162,19.5,41.2322139885998,9.282,6.389200745191737,-0.568758250728002
221,TGO,Togo,2019,9.676421434977737,2.368037705751709,7.824858031223472,19.51453467086476,121.971061706543,61.055,42.248,23.9,40.9267242092348,3.076,6.439872557369684,-0.3430966276124137
222,TGO,Togo,2022,6.70841740345597,2.042312901065193,7.887305904153161,18.70014266678964,122.478256225586,62.29,43.921,25.0,40.2169600368591,3.418,6.463636592334315,-0.0070242139893817125
223,TKM,Turkmenistan,2016,0.5126575140211839,0.41386804700211893,9.514425749973688,10.52743832597379,,69.142,50.728,100.0,29.9031798694379,8.714,,-1.444992203398357
224,TLS,Timor-Leste,2016,7.825338011245442,2.1776269036434317,8.415953345121261,17.06307469237678,123.866365972623,65.61,29.85,67.2,38.4458665411828,13.065,6.6622434338183085,-0.6526106632904334
225,TLS,Timor-Leste,2022,2.608049423458501,1.283167300404367,8.584479357520035,10.334492362047108,120.849599035731,67.368,32.074,100.0,34.8343363430319,3.212,6.740639364638853,-0.047166202130833404
226,TON,Tonga,2019,31.06305370662934,3.467704392384345,8.83579605817233,20.241187698002364,113.312034078807,72.292,23.107,97.9,35.9919371247143,6.437,8.39520328663089,1.5689723795013524
227,TTO,Trinidad and Tobago,2011,0.8718701992636555,0.626938037651226,10.457814284718104,0.456542570355529,,72.232,53.836,100.0,20.1233276677924,8.586,,1.3551217185612954
228,TTO,Trinidad and Tobago,2022,9.025009744641434,2.3050829452262187,10.335088128742802,0.7591153495323377,,73.331,53.34,100.0,18.2981192529153,10.596,,0.8908406061618633
229,TUN,Tunisia,2023,3.9343028317634956,1.5962113927465034,9.44335190563949,9.331241228623892,103.529930114746,76.508,70.544,100.0,24.4349031603884,38.484,7.976219071662058,0.7521491316476774
230,TUV,Tuvalu,2020,28.000131527048023,3.367300365391638,8.547811544434612,,94.6327667236328,66.357,64.014,98.4,31.6649838934564,,,1.8622896493140373
231,TZA,Tanzania,2014,15.851749943418444,2.8244545056147055,8.01584554002799,25.80257744755709,85.9815352325255,63.364,30.904,10.0,44.7713352160243,3.693,6.369929514266503,-0.00193553460596407
232,UGA,Uganda,2012,10.328176843541376,2.427293148017838,7.78576019722854,27.177257747557977,112.977607727051,61.579,20.424,11.7,49.0759539059955,5.096,6.456457752341694,-0.11031534297280751
233,UGA,Uganda,2017,10.913777406119646,2.4776954956443182,7.841826023044744,23.45883538274256,105.526321411133,65.174,23.196,23.0,46.9022040457185,5.081,6.442013024110002,-0.16046532945701514
234,UGA,Uganda,2021,17.79882810322161,2.9337945329579798,7.89577872638204,23.84180382721719,,66.45,25.553,35.9,44.7325571492453,5.044,6.540776282649668,-0.14335038149352344
235,UKR,Ukraine,2015,5.579707804223821,1.8839903376983065,9.642428583261024,12.059376106337098,87.8509902954102,72.686,69.061,100.0,15.0784638672107,22.611,7.258472324290995,-0.4841462246048795
236,UZB,Uzbekistan,2021,5.753242953710465,1.9100228270979882,9.132232206464643,22.15472830931664,97.9289255849279,71.681,50.427,99.8,30.1776585415555,13.042,7.72238855079324,-0.15984528368295206
237,VEN,"Venezuela, República Bolivariana de",2017,1.417806222991785,0.8828606096064909,,,94.0880584716797,71.903,88.183,93.2,27.7920942011296,12.259,,-2.3474558619795216
238,VNM,Viet Nam,2012,5.711386046051379,1.903805493892281,8.984802492703695,16.19950764039303,100.619406716821,73.762,31.752,97.0,24.0066178711579,3.63,7.173851378409716,0.3428030426088654
239,VNM,Viet Nam,2018,2.396417167055074,1.222721101615951,9.299988533305152,12.306668431042803,112.219369315312,74.1,35.919,100.0,24.5830496141364,4.648,7.4957815918151995,0.8955384555964481
240,VNM,Viet Nam,2021,8.362965485196836,2.236762065652493,9.396811805570671,12.603090465274503,120.023386080797,74.145,38.052,100.0,24.1976460962436,6.907,7.561210225462903,1.1270579808451309
241,VUT,Vanuatu,2023,51.17656426787405,3.9546334336901494,8.045394682787988,,106.528699274803,71.477,25.976,54.0,38.6133638776749,11.677,,1.0198637191854778
242,WLD,World,2020,7.124261943326017,2.0948548863453134,9.836228585542186,4.275811054137164,100.659248352051,72.18222394638735,55.96237382616109,82.84744189238275,25.83150842657011,17.119020246440698,8.680305863214521,
243,WSM,Samoa,2022,0.3677056514359925,0.3131346289696489,8.673302829820697,9.992649874749276,104.122587299249,71.55,17.616,97.9,38.7857967439451,13.245,8.041258719082125,2.6371421587861916
244,YEM,"Yemen, Republic of",2023,8.788883878751536,2.2812474437869845,,,,69.295,39.831,75.3,41.2261185664195,32.395,,-2.8263356985967616
245,ZMB,Zambia,2018,4.43536167497696,1.6929260638930563,8.201923294339386,3.3411239920944884,97.7707331798513,62.138,43.521,12.4,44.1450304054804,8.747,,0.09479683721006815
246,ZMB,Zambia,2019,5.641511580005281,1.893339585171718,8.186621485248278,2.8607749368079616,96.2491679442168,62.914,44.072,14.2,43.7567582888466,10.353,,-0.04352580414361429
247,ZMB,Zambia,2020,4.425909053760772,1.691185452902162,8.129350515576169,2.972633845488468,94.7777968616337,63.361,44.629,14.0,43.3344027971507,11.042,,-0.27235998241510273
248,ZMB,Zambia,2021,4.755609753651151,1.7501749885424174,8.161670416100167,3.000918315337469,,62.363,45.192,14.5,42.8932123845063,9.367,,-0.27300816273410056
249,ZMB,Zambia,2022,3.1377533601289342,1.4201529739048702,8.184827174161411,3.0940158340762234,,65.279,45.761,14.5,42.4387153873048,9.85,,0.12336912651120453
250,ZWE,Zimbabwe,2019,26.691002960391035,3.321107557559445,8.100405390359773,9.819260391584631,97.4766143857125,61.06,32.21,28.3,42.5422575941545,11.718,6.760603185869742,-1.509793449439348
