country_code,country_name,year,region,income_group,child_employment_thousands,ilo_source,rural_electricity_access,mobile_subscriptions_per100,private_consumption_per_capita,agriculture_value_added_pct,gdp_per_capita_ppp,primary_school_enrollment,child_mortality_rate,youth_unemployment_rate,life_expectancy,child_population_pct,total_population,urban_population_pct,control_of_corruption,government_effectiveness,rule_of_law,rate_age_basis
AFG,Afghanistan,2014,"Middle East, North Africa, Afghanistan & Pakistan",Low income,2306.47,Repository: ILO-STATISTICS - Micro data processing,86.5,56.1322,,22.13704137195736,3017.942544246961,109.115516662598,75.1,10.094,62.26,46.7130662681856,32792523.0,24.587,-1.36493408679962,-1.36164617538452,-1.4377019405365,5-14
AFG,Afghanistan,2023,"Middle East, North Africa, Afghanistan & Pakistan",Low income,3014.453,Repository: ILO-STATISTICS - Micro data processing,81.4,55.5475,,34.7432471445174,1983.8126199290875,,55.5,17.291,66.035,43.2262038611198,41454761.0,26.933,-1.15493178367615,-1.98701369762421,-1.64964091777802,5-14
ARG,Argentina,2017,Latin America & Caribbean,Upper middle income,6.125,Repository: ILO-STATISTICS - Micro data processing | Geographical coverage: Main cities or metropolitan areas,100.0,139.758,9146.511758230556,5.231622377250584,28334.904184742005,111.681457519531,11.0,22.843,76.543,24.5791315086803,44288894.0,91.749,-0.309002459049225,0.135085612535477,-0.237312033772469,5-14
ARG,Argentina,2018,Latin America & Caribbean,Upper middle income,5.834,Repository: ILO-STATISTICS - Micro data processing | Geographical coverage: Main cities or metropolitan areas,99.9,131.224,8867.825536639955,4.537878896811463,27367.115094107976,111.545608520508,10.7,23.845,76.77,24.3732916411389,44654882.0,91.87,-0.0992739275097847,0.0280606187880039,-0.219330430030823,5-14
ARG,Argentina,2019,Latin America & Caribbean,Upper middle income,6.553,Repository: ILO-STATISTICS - Micro data processing | Geographical coverage: Main cities or metropolitan areas,100.0,125.303,8265.532686263854,5.318555996734804,26629.552941950053,111.36531829834,10.5,25.842,76.847,24.0972913239252,44973465.0,91.991,-0.107116244733334,-0.120795331895351,-0.427360445261002,5-14
ARG,Argentina,2020,Latin America & Caribbean,Upper middle income,6.535,Repository: ILO-STATISTICS - Micro data processing | Geographical coverage: Main cities or metropolitan areas,100.0,121.181,7224.4052811056035,6.3570336757552655,23877.093140485536,110.617813110352,10.3,30.428,75.878,23.6990914612707,45191965.0,92.111,-0.163570061326027,-0.254261821508408,-0.486265957355499,5-14
ARG,Argentina,2021,Latin America & Caribbean,Upper middle income,10.896,Repository: ILO-STATISTICS - Micro data processing | Geographical coverage: Main cities or metropolitan areas,100.0,130.353,7887.282968327062,7.291282496220415,26300.274261175044,110.156112670898,10.0,23.373,73.948,23.2387470933239,45312281.0,92.229,-0.422596842050552,-0.390557259321213,-0.477947890758514,5-14
ARG,Argentina,2022,Latin America & Caribbean,Upper middle income,7.105,Repository: ILO-STATISTICS - Micro data processing | Geographical coverage: Main cities or metropolitan areas,100.0,131.484,8606.910561242175,6.638296974736416,27627.963476463625,108.722412109375,9.8,19.004,75.806,22.7507462136988,45407904.0,92.347,-0.447221606969833,-0.28348970413208,-0.482351809740067,5-14
ARG,Argentina,2023,Latin America & Caribbean,Upper middle income,8.149,Repository: ILO-STATISTICS - Micro data processing | Geographical coverage: Main cities or metropolitan areas,100.0,137.706,8671.608080183936,5.929853761832826,27104.979997816907,,9.6,17.946,77.395,22.190657287242,45538401.0,92.463,-0.360883951187134,-0.377517342567444,-0.410826534032822,5-14
ARG,Argentina,2024,Latin America & Caribbean,Upper middle income,8.579,Repository: ILO-STATISTICS - Micro data processing | Geographical coverage: Main cities or metropolitan areas,,,8275.594862644994,5.9815993063050685,26547.050342936534,,,21.188,,21.6039426858612,45696159.0,92.579,,,,5-14
BDI,Burundi,2017,Sub-Saharan Africa,Low income,1076.366,Repository: ILO-STATISTICS - Micro data processing,1.7,51.4533,200.3169176871979,28.54664700601706,880.9934401287061,111.118583679199,61.5,2.218,61.345,47.9494144399615,11506762.0,12.706,-1.31850147247314,-1.38194644451141,-1.41100382804871,5-14
BDI,Burundi,2020,Sub-Saharan Africa,Low income,208.071,Repository: ILO-STATISTICS - Micro data processing,0.9,52.5571,195.60823526654173,28.624949999794723,833.9202574580189,105.158096313477,54.6,1.69,62.569,46.9567456255177,12617036.0,13.708,-1.56340169906616,-1.30248296260834,-1.34065091609955,5-14
BEN,Benin,2018,Sub-Saharan Africa,Lower middle income,822.424,Repository: ILO-STATISTICS - Micro data processing,16.3,76.408,754.8718798637314,28.06477391270772,3155.451065062702,117.116798400879,90.5,2.702,59.71,43.0653989157617,12383347.0,47.312,-0.391633450984955,-0.631518959999084,-0.692261755466461,5-14
BEN,Benin,2022,Sub-Saharan Africa,Lower middle income,1038.647,Repository: ILO-STATISTICS - Micro data processing,45.5,105.745,804.926703638741,26.896678796812385,3588.3251993814706,113.04891204834,80.4,3.134,60.475,42.1206314865863,13759501.0,49.534,-0.0898572877049446,-0.170590236783028,-0.596109390258789,5-14
BFA,Burkina Faso,2010,Sub-Saharan Africa,Low income,1808.2669999999998,Repository: ILO-STATISTICS - Micro data processing,1.5,35.2848,404.8342918864209,24.1433866229434,1873.97146230828,76.8965606689453,121.5,5.965,56.343,45.5854907533139,16176498.0,24.633,-0.356885224580765,-0.589095711708069,-0.194905057549477,5-14
BFA,Burkina Faso,2022,Sub-Saharan Africa,Low income,537.643,Repository: ILO-STATISTICS - Micro data processing,3.4,119.463,473.4752326769868,18.496712579201507,2466.053313900536,82.3567962646484,79.9,8.557,60.7,42.9683169274423,22509038.0,31.877,-0.111639469861984,-0.853148698806763,-0.611933767795563,5-14
BGD,Bangladesh,2019,South Asia,Lower middle income,3094.111,Repository: ILO-STATISTICS - Micro data processing,88.9,100.4,1076.42245250605,11.97532313589843,6838.326116082433,,32.4,11.594,72.625,29.4761618478294,164913055.0,37.405,-1.017209649086,-0.753539621829987,-0.643474996089935,5-14
BGD,Bangladesh,2022,South Asia,Lower middle income,1869.1799999999998,Repository: ILO-STATISTICS - Micro data processing,99.2,109.867,1253.101794419141,11.21760103515951,7888.1638909830435,117.659457498739,30.7,10.985,74.265,28.7700900252928,169384897.0,39.711,-1.07575178146362,-0.763355314731598,-0.601690113544464,5-14
BOL,"Bolivia, Plurinational State of",2015,Latin America & Caribbean,Lower middle income,126.941,Repository: ILO-STATISTICS - Micro data processing,74.3,92.266,2049.8635782729,10.239494114445522,9141.92840900882,95.8293914794922,31.8,6.852,67.205,32.6203561511634,11014705.0,68.393,-0.717874646186829,-0.676909506320953,-1.16211700439453,5-14
BOL,"Bolivia, Plurinational State of",2019,Latin America & Caribbean,Lower middle income,197.508,Repository: ILO-STATISTICS - Micro data processing,84.9,100.149,2265.306919202681,12.22175758248909,9985.23048460376,98.238639831543,26.7,6.927,67.82,31.2971112127176,11671386.0,69.773,-0.781365752220154,-0.790566325187683,-1.18941926956177,5-14
BOL,"Bolivia, Plurinational State of",2021,Latin America & Caribbean,Lower middle income,239.798,Repository: ILO-STATISTICS - Micro data processing,95.1,100.809,2149.855050785296,12.922923305610832,9454.198146800023,98.8565673828125,24.8,8.199,61.427,30.7897110747146,11937360.0,70.475,-0.883800148963928,-0.763246834278107,-1.17760181427002,5-14
BOL,"Bolivia, Plurinational State of",2022,Latin America & Caribbean,Lower middle income,245.579,Repository: ILO-STATISTICS - Micro data processing,95.6,101.572,2196.4494424710065,12.46872564869134,9681.707430338509,99.5986480712891,23.9,6.044,67.434,30.4985263912342,12077154.0,70.83,-0.889700353145599,-0.564738214015961,-1.30140423774719,5-14
BOL,"Bolivia, Plurinational State of",2023,Latin America & Caribbean,Lower middle income,251.759,Repository: ILO-STATISTICS - Micro data processing,99.6,,2235.2984726758177,13.466129302881486,9843.97014249285,98.9345397949219,23.1,4.958,68.581,30.1423997294384,12244159.0,71.186,-0.838301062583923,-0.639481067657471,-1.21933794021606,5-14
BOL,"Bolivia, Plurinational State of",2024,Latin America & Caribbean,Lower middle income,254.089,Repository: ILO-STATISTICS - Micro data processing,,,,,9844.276851676294,,,5.212,,29.7865638630777,12413315.0,71.545,,,,5-14
CAF,Central African Republic,2010,Sub-Saharan Africa,Low income,375.06,Repository: ILO-STATISTICS - Micro data processing,,21.7946,507.0810516202112,37.36357959594092,1479.4136775769205,79.885383605957,149.2,9.815,46.871,45.9473529408164,4492995.0,38.904,-0.937605500221252,-1.39312899112701,-1.31199896335602,5-14
CAF,Central African Republic,2019,Sub-Saharan Africa,Low income,689.226,Repository: ILO-STATISTICS - Micro data processing,1.5,32.2627,490.965314989506,28.34183246494384,1145.095636577519,,243.1,9.212,31.53,49.0201283049631,4944703.0,41.77,-1.23415267467499,-1.78027617931366,-1.76526069641113,5-14
CIV,Côte d'Ivoire,2016,Sub-Saharan Africa,Lower middle income,1644.844,Repository: ILO-STATISTICS - Micro data processing,36.7,105.625,1224.3670309223478,17.434968407497117,5320.846462398552,90.1342468261719,83.6,2.04,58.814,42.3479845411618,25989405.0,49.881,-0.555474996566772,-0.736379206180573,-0.663034617900848,5-14
CIV,Côte d'Ivoire,2022,Sub-Saharan Africa,Lower middle income,395.418,Repository: ILO-STATISTICS - Micro data processing,45.3,161.232,1373.4598590553928,16.584333209761567,6272.263957594149,94.6489410400391,69.2,4.278,61.562,41.6626736856277,30395002.0,52.661,-0.338705569505692,-0.333772420883179,-0.47401824593544,5-14
CMR,Cameroon,2014,Sub-Saharan Africa,Lower middle income,2545.116,Repository: ILO-STATISTICS - Micro data processing,18.8,77.24,1002.1930021243936,16.82583817800948,4588.486494990299,113.995613098145,93.1,6.198,59.13,43.3606160283733,22059893.0,53.976,-1.17888414859772,-0.81291788816452,-0.897853672504425,5-14
COD,"Congo, Democratic Republic of",2018,Sub-Saharan Africa,Low income,4362.702,Repository: ILO-STATISTICS - Micro data processing,1.0,40.5014,343.3258627218663,18.88734318600656,1282.482278966255,113.982978820801,86.3,8.622,59.926,45.867494578023,90047644.0,44.46,-1.51785528659821,-1.57248735427856,-1.80356800556183,5-14
COD,"Congo, Democratic Republic of",2020,Sub-Saharan Africa,Low income,4491.871999999999,Repository: ILO-STATISTICS - Micro data processing,1.0,42.5028,335.267386683982,20.88341888437532,1277.6328634575616,118.195663452148,80.7,9.617,60.428,46.0525923753014,95989998.0,45.638,-1.59274351596832,-1.74490869045258,-1.82387900352478,5-14
COL,Colombia,2012,Latin America & Caribbean,Upper middle income,514.092,Repository: ILO-STATISTICS - Micro data processing,87.1,107.329,3909.487567389453,5.582687053549325,15279.479000805788,118.63996887207,17.2,20.086,75.611,26.263594585768,45715810.0,78.701,-0.422298341989517,-0.0011649925727397,-0.32591912150383,5-14
COL,Colombia,2013,Latin America & Caribbean,Upper middle income,485.872,Repository: ILO-STATISTICS - Micro data processing,90.1,108.978,4051.75326587082,5.392714954494723,15912.24712932389,119.084732055664,16.6,18.729,75.834,25.658665088736,46151584.0,79.061,-0.441208124160767,0.0531518310308456,-0.38826909661293,5-14
COL,Colombia,2014,Latin America & Caribbean,Upper middle income,462.52700000000004,Repository: ILO-STATISTICS - Micro data processing,89.9,118.823,4186.376003831733,5.446957214744208,16480.363147416112,116.080101013184,16.1,18.245,75.95,25.0633611156397,46565429.0,79.415,-0.397509813308716,-0.135854035615921,-0.252291530370712,5-14
COL,Colombia,2015,Latin America & Caribbean,Upper middle income,392.515,Repository: ILO-STATISTICS - Micro data processing,91.8,122.051,4278.671769495573,5.980424808498158,16821.38014006306,115.497077941895,15.6,17.316,76.067,24.489485993707,46969940.0,79.764,-0.352601826190948,-0.0937390848994255,-0.24723581969738,5-14
COL,Colombia,2016,Latin America & Caribbean,Upper middle income,356.868,Repository: ILO-STATISTICS - Micro data processing,92.8,123.71,4303.58907439457,6.606412266057871,17003.244366485014,115.443153381348,15.1,18.274,76.228,23.9158548197047,47437512.0,80.108,-0.384617507457733,-0.03696658462286,-0.266068160533905,5-14
COL,Colombia,2017,Latin America & Caribbean,Upper middle income,332.25300000000004,Repository: ILO-STATISTICS - Micro data processing,92.7,129.272,4328.688677943492,6.389663552681182,16986.033418284223,113.305381774902,14.6,18.467,76.418,23.3055636111038,48131078.0,80.446,-0.429829597473145,-0.140821367502213,-0.366633266210556,5-14
COL,Colombia,2018,Latin America & Caribbean,Upper middle income,231.031,Repository: ILO-STATISTICS - Micro data processing,92.6,131.595,4387.350540600817,6.225709689600331,17104.131354567824,111.699180603027,14.1,19.45,76.579,22.6839423675104,49024465.0,80.778,-0.340439766645432,-0.139370113611221,-0.383742153644562,5-14
COL,Colombia,2019,Latin America & Caribbean,Upper middle income,212.69,Repository: ILO-STATISTICS - Micro data processing,97.1,132.811,4485.109324247818,6.410720821683137,17336.77160305506,109.355506896973,13.7,20.658,76.793,22.1227454885225,49907985.0,81.104,-0.283615678548813,0.0327151045203209,-0.391183972358704,5-14
COL,Colombia,2022,Latin America & Caribbean,Upper middle income,110.393,Repository: ILO-STATISTICS - Micro data processing,100.0,156.195,5223.703494608509,8.831544736890406,18458.720946070363,104.830467224121,12.4,20.982,76.508,20.9532806420881,51737944.0,82.05,-0.362088114023209,0.01379637978971,-0.427760243415833,5-14
COM,Comoros,2012,Sub-Saharan Africa,Lower middle income,36.385,Repository: ILO-STATISTICS - Micro data processing,63.1,41.5931,1150.5772423643991,30.173089930475527,2868.3998691892884,,52.1,9.515,63.463,40.4986873367423,681630.0,28.123,-0.781551659107208,-1.6018477678299,-1.07892954349518,5-14
COM,Comoros,2022,Sub-Saharan Africa,Lower middle income,30.565,Repository: ILO-STATISTICS - Micro data processing,82.9,100.549,1452.7212260544522,35.164324118156784,3478.17346802815,,41.1,8.652,66.481,37.7186557466662,834188.0,29.864,-1.24499189853668,-1.68305671215057,-1.3146048784256,5-14
CRI,Costa Rica,2013,Latin America & Caribbean,High income,5.55,Repository: ILO-STATISTICS - Micro data processing,98.4,150.801,7084.196194627088,4.783350932854634,20232.26707995693,109.402267456055,9.5,21.559,80.189,23.4234747135744,4716147.0,74.97,0.577441453933716,0.455911159515381,0.563855290412903,5-14
CRI,Costa Rica,2014,Latin America & Caribbean,High income,2.002,Repository: ILO-STATISTICS - Micro data processing,98.3,147.267,7346.289454981259,4.887883789928915,20724.921769354925,108.512069702148,9.2,24.23,80.231,22.9642578672779,4767119.0,75.941,0.725378334522247,0.362441927194595,0.583374798297882,5-14
CRI,Costa Rica,2015,Latin America & Caribbean,High income,3.359,Repository: ILO-STATISTICS - Micro data processing,97.7,156.404,7608.502788986785,4.74911042906871,21254.784093217862,106.731491088867,9.0,22.363,80.407,22.5297805320568,4818038.0,76.862,0.687055706977844,0.306554466485977,0.492798924446106,5-14
CRI,Costa Rica,2016,Latin America & Caribbean,High income,4.89,Repository: ILO-STATISTICS - Micro data processing,98.5,171.166,7814.687096611105,4.914355786880648,21925.600080413285,107.027153015137,8.9,21.65,79.988,22.1206092668016,4866998.0,77.735,0.678310811519623,0.28387451171875,0.431041657924652,5-14
CRI,Costa Rica,2017,Latin America & Caribbean,High income,2.253,Repository: ILO-STATISTICS - Micro data processing,98.9,179.931,8171.232502890639,4.699776331482236,22622.55345026555,106.603530883789,8.9,20.736,79.994,21.7587214952769,4913177.0,78.56,0.432391852140427,0.222521707415581,0.42886871099472,5-14
CRI,Costa Rica,2018,Latin America & Caribbean,High income,1.545,Repository: ILO-STATISTICS - Micro data processing,98.9,171.357,8255.492081890394,4.483828337190273,23005.31214719344,108.677192687988,8.9,25.071,80.09,21.4468038157109,4957818.0,79.34,0.50113844871521,0.352706402540207,0.467835366725922,5-14
CRI,Costa Rica,2019,Latin America & Caribbean,High income,0.937,Repository: ILO-STATISTICS - Micro data processing,98.9,146.212,8325.046229054988,4.202051163025725,23364.78312758827,110.891120910645,9.1,31.194,80.296,21.1293168479945,4999553.0,80.076,0.626857101917267,0.347661405801773,0.529464185237885,5-14
CRI,Costa Rica,2020,Latin America & Caribbean,High income,1.253,Repository: ILO-STATISTICS - Micro data processing,99.7,149.223,7694.03931776521,4.344225560375062,22211.861392183317,109.79963684082,9.4,40.108,79.725,20.7362762001621,5034320.0,80.771,0.661411285400391,0.196500390768051,0.498832434415817,5-14
CRI,Costa Rica,2021,Latin America & Caribbean,High income,1.223,Repository: ILO-STATISTICS - Micro data processing,100.0,154.831,8293.819748400832,4.366713259341457,23852.925302014715,108.852310180664,9.7,39.2,78.05,20.2971746471706,5059988.0,81.425,0.47030770778656,0.222867384552956,0.423667222261429,5-14
CRI,Costa Rica,2022,Latin America & Caribbean,High income,0.665,Repository: ILO-STATISTICS - Micro data processing,100.0,154.989,8471.995939833929,4.140073620995341,24831.71934804932,107.611297607422,10.1,30.718,79.316,19.8396344419345,5081765.0,82.042,0.465857774019241,0.0526026673614979,0.435932785272598,5-14
DOM,Dominican Republic,2014,Latin America & Caribbean,Upper middle income,106.807,Repository: ILO-STATISTICS - Micro data processing,93.6,80.4955,4607.335536087902,4.837803032647637,16993.58744440305,108.064552307129,35.0,13.343,73.145,29.5305305521215,10315528.0,77.67,-0.842135190963745,-0.456834703683853,-0.383904725313187,5-14
DOM,Dominican Republic,2020,Latin America & Caribbean,Upper middle income,6.192,Repository: ILO-STATISTICS - Micro data processing,100.0,81.6619,5356.574623046613,4.522528402378887,19545.409955294315,105.925239562988,33.8,14.766,72.636,27.6825804165948,11008300.0,82.54,-0.750963449478149,-0.281447857618332,-0.171013608574867,5-14
DOM,Dominican Republic,2021,Latin America & Caribbean,Upper middle income,8.433,Repository: ILO-STATISTICS - Micro data processing,94.8,87.5208,5738.888396987497,4.215675902840547,22053.458986995527,96.8704605102539,33.1,16.874,71.757,27.4364069035797,11123476.0,83.213,-0.590438902378082,-0.0025712272617965,-0.11635073274374,5-14
DOM,Dominican Republic,2022,Latin America & Caribbean,Upper middle income,9.972,Repository: ILO-STATISTICS - Micro data processing,94.5,90.376,5993.9178999894175,4.153719841887107,22986.95808104995,100.492286682129,32.2,12.852,74.211,27.1919594566107,11230734.0,83.848,-0.439807772636414,-0.0684610605239868,-0.0933533534407616,5-14
DOM,Dominican Republic,2023,Latin America & Caribbean,Upper middle income,7.271,Repository: ILO-STATISTICS - Micro data processing,98.2,91.8676,6098.41999875344,4.294253039985247,23282.489507105423,94.7164535522461,31.4,11.559,73.72,26.9140017944156,11331265.0,84.446,-0.449474930763245,0.12803441286087,-0.128592282533646,5-14
DOM,Dominican Republic,2024,Latin America & Caribbean,Upper middle income,9.259,Repository: ILO-STATISTICS - Micro data processing,,,6322.725451461106,4.453984481879723,24229.46812227455,,,11.675,,26.5786510625149,11427557.0,85.011,,,,5-14
DZA,Algeria,2013,"Middle East, North Africa, Afghanistan & Pakistan",Upper middle income,343.562,Repository: ILO-STATISTICS - Micro data processing,97.8,102.871,1775.8455558908847,9.12007464194984,14778.191425723277,112.249488830566,26.0,25.459,74.809,28.0774960876092,38414171.0,69.576,-0.472966939210892,-0.431544005870819,-0.69340193271637,5-14
DZA,Algeria,2019,"Middle East, North Africa, Afghanistan & Pakistan",Upper middle income,579.515,Repository: ILO-STATISTICS - Micro data processing,98.7,104.922,1908.3605296253852,11.479179885716384,15199.198996563926,107.775131225586,23.3,31.119,75.682,30.6392172353534,43294546.0,73.189,-0.656169533729553,-0.567920982837677,-0.861034154891968,5-14
ECU,Ecuador,2013,Latin America & Caribbean,Upper middle income,110.732,Repository: ILO-STATISTICS - Micro data processing,95.4,105.182,3667.490414401093,6.96320880489033,13689.152046012548,104.89217376709,16.6,8.332,75.832,30.0653486852687,15807128.0,63.125,-0.502911984920502,-0.448586314916611,-0.870363593101501,5-14
ECU,Ecuador,2014,Latin America & Caribbean,Upper middle income,81.464,Repository: ILO-STATISTICS - Micro data processing,97.5,103.559,3743.165133663873,7.404399670031854,14064.799224672655,105.968299865723,15.9,9.031,76.141,29.5684264877395,16035124.0,63.261,-0.741118490695953,-0.385554224252701,-0.970792293548584,5-14
ECU,Ecuador,2015,Latin America & Caribbean,Upper middle income,134.857,Repository: ILO-STATISTICS - Micro data processing,97.0,79.5746,3840.209575362446,8.020496297287968,13881.570073810466,101.185890197754,15.3,8.824,76.222,29.0480335787806,16266225.0,63.398,-0.672376871109009,-0.394527703523636,-0.956418454647064,5-14
ECU,Ecuador,2016,Latin America & Caribbean,Upper middle income,198.29,Repository: ILO-STATISTICS - Micro data processing,96.8,84.1088,3563.9002842759887,8.072125858949976,13586.516077256823,99.030403137207,14.8,10.349,76.094,28.5021025421871,16505139.0,63.534,-0.68079274892807,-0.383570671081543,-0.649083614349365,5-14
ECU,Ecuador,2017,Latin America & Caribbean,Upper middle income,220.924,Repository: ILO-STATISTICS - Micro data processing,97.8,87.4214,3750.009632487311,7.902220409515742,14179.15375033051,98.248161315918,14.4,8.465,76.22,27.9513711595371,16759519.0,63.67,-0.626104652881622,-0.352247714996338,-0.718140542507172,5-14
ECU,Ecuador,2018,Latin America & Caribbean,Upper middle income,263.44599999999997,Repository: ILO-STATISTICS - Micro data processing,96.9,92.5118,3762.8288893479594,7.645059948058114,14083.506998230425,98.9310989379883,14.1,7.956,77.248,27.40143850747,17049547.0,63.821,-0.629500389099121,-0.317793667316437,-0.663264274597168,5-14
ECU,Ecuador,2019,Latin America & Caribbean,Upper middle income,304.149,Repository: ILO-STATISTICS - Micro data processing,97.8,91.4249,3778.6364152531337,7.786764598590857,13870.489511806803,98.3505783081055,13.8,8.733,77.286,26.8591794998639,17340021.0,63.986,-0.509275019168854,-0.367696136236191,-0.542950987815857,5-14
ECU,Ecuador,2021,Latin America & Caribbean,Upper middle income,322.775,Repository: ILO-STATISTICS - Micro data processing,100.0,94.9506,3680.8735453425193,8.079999832803184,13507.444563837456,98.2059173583984,13.4,9.225,72.746,25.9766482079736,17682454.0,64.361,-0.59461385011673,-0.241593524813652,-0.354992210865021,5-14
ECU,Ecuador,2022,Latin America & Caribbean,Upper middle income,282.951,Repository: ILO-STATISTICS - Micro data processing,100.0,98.1309,3870.73576990915,7.393039923554625,14186.63885446246,99.5941925048828,13.2,8.403,76.577,25.5167430556853,17823897.0,64.57,-0.63026487827301,-0.309278339147568,-0.620780825614929,5-14
ECU,Ecuador,2023,Latin America & Caribbean,Upper middle income,253.81,Repository: ILO-STATISTICS - Micro data processing,95.5,101.032,3998.603591256464,7.995473633338035,14343.019013481306,97.3006973266602,13.1,7.782,77.392,25.0046899116094,17980083.0,64.792,-0.647337436676025,-0.494244992733002,-0.957790791988373,5-14
ECU,Ecuador,2024,Latin America & Caribbean,Upper middle income,397.341,Repository: ILO-STATISTICS - Micro data processing,,,3913.326627109491,9.476100950746408,13935.539112540237,,,10.099,,24.4558490395414,18135478.0,65.029,,,,5-14
EGY,"Egypt, Arab Republic of",2010,"Middle East, North Africa, Afghanistan & Pakistan",Lower middle income,557.622,Repository: ILO-STATISTICS - Micro data processing,99.1,79.2199,2435.848258070596,13.340759157964529,13128.987833408455,94.5771713256836,28.6,24.583,69.078,33.8874180811044,89196072.0,43.019,-0.596871852874756,-0.321309953927994,-0.174863860011101,5-14
EGY,"Egypt, Arab Republic of",2014,"Middle East, North Africa, Afghanistan & Pakistan",Lower middle income,473.686,Repository: ILO-STATISTICS - Micro data processing,99.7,97.7313,2700.6005701873178,11.337708920187794,13136.365629826982,94.0423736572266,24.1,32.198,69.911,33.9580258125986,97528654.0,42.839,-0.575518012046814,-0.716656744480133,-0.698402404785156,5-14
EGY,"Egypt, Arab Republic of",2023,"Middle East, North Africa, Afghanistan & Pakistan",Lower middle income,989.636,Repository: ILO-STATISTICS - Micro data processing,100.0,92.8262,3282.508958109217,10.600311164503614,16691.387399222025,90.3061828613281,17.5,19.073,71.633,32.4351191889426,114535772.0,43.1,-0.747790396213531,-0.239516973495483,-0.184178426861763,5-14
ETH,Ethiopia,2001,Sub-Saharan Africa,,7535.369000000001,Repository: ILO-STATISTICS - Micro data processing,,0.0395753,,42.34057112403109,851.3134284645707,57.1310386657715,134.1,4.699,51.428,47.8192087982341,69487762.0,14.927,,,,5-14
ETH,Ethiopia,2015,Sub-Saharan Africa,,14752.242,Repository: ILO-STATISTICS - Micro data processing,15.5,40.7363,443.030439297954,36.05697539057863,1957.414541908332,97.1190070122981,64.9,3.811,63.592,42.8518050625533,103867135.0,19.428,-0.476118475198746,-0.712037622928619,-0.5272017121315,5-14
ETH,Ethiopia,2021,Sub-Saharan Africa,,6761.641,Repository: ILO-STATISTICS - Micro data processing,42.8,52.8089,584.1510505161598,37.57911375688627,2588.413102158837,102.679576994027,50.0,6.246,65.33,40.0647936913075,122138588.0,22.174,-0.422021746635437,-0.650382697582245,-0.623265862464905,5-14
FJI,Fiji,2021,East Asia & Pacific,Upper middle income,79.97200000000001,Repository: ILO-STATISTICS - Micro data processing,86.8,108.158,,15.276481055279742,10685.19702763118,110.814965251253,28.3,16.832,64.904,28.0081181528312,916711.0,57.74,0.44344025850296,0.660467982292175,0.300674289464951,5-14
GAB,Gabon,2012,Sub-Saharan Africa,Upper middle income,71.99000000000001,Repository: ILO-STATISTICS - Micro data processing,32.3,138.488,2479.970192180392,3.3536977767633367,19450.40270667901,,49.4,35.213,65.438,36.9636353447242,1846889.0,86.634,-0.666252255439758,-0.961209893226624,-0.414806485176086,5-14
GAB,Gabon,2021,Sub-Saharan Africa,Upper middle income,71.051,Repository: ILO-STATISTICS - Micro data processing,26.8,132.309,2284.6005784002678,6.7698228099570406,18523.57980321349,99.9486457966936,35.2,38.295,67.072,36.8222492996657,2376722.0,90.423,-0.868000090122223,-0.816382169723511,-0.708188772201538,5-14
GHA,Ghana,2018,Sub-Saharan Africa,Lower middle income,2068.5299999999997,Repository: ILO-STATISTICS - Micro data processing,68.3,133.61,1286.3751021346914,18.13655031925207,6234.51208201488,97.3151168823242,46.0,6.099,64.138,37.8459029627483,30637585.0,56.06,-0.138363629579544,-0.319947093725204,0.0510871484875679,5-14
GHA,Ghana,2022,Sub-Saharan Africa,Lower middle income,613.953,Repository: ILO-STATISTICS - Micro data processing,71.6,120.803,1559.7673503722729,19.513638202715818,6728.45414012286,96.5331573486328,38.5,5.505,65.246,36.5291305189345,33149152.0,58.615,-0.0643710345029831,-0.106421269476414,-0.0795473381876945,5-14
GIN,Guinea,2016,Sub-Saharan Africa,Lower middle income,1014.1560000000001,Repository: ILO-STATISTICS - Micro data processing,6.7,92.0233,668.0788985818698,17.589947436421056,3099.788741893716,94.3621520996094,111.7,6.784,58.49,43.0672623194012,12073030.0,35.46,-0.94692987203598,-1.0659271478653,-1.24484181404114,5-14
GNB,Guinea-Bissau,2014,Sub-Saharan Africa,Low income,264.716,Repository: ILO-STATISTICS - Micro data processing,5.8,63.6542,424.93420144581097,34.82580687136835,2130.1912326209417,,95.3,3.94,59.476,42.4752135475821,1741122.0,41.715,-1.55695903301239,-1.64483594894409,-1.33877146244049,5-14
GNB,Guinea-Bissau,2019,Sub-Saharan Africa,Low income,154.466,Repository: ILO-STATISTICS - Micro data processing,14.3,80.8245,573.0706516598234,31.082569280978014,2418.104102202881,,79.1,2.051,62.161,40.9289087338695,1967696.0,43.777,-1.49801743030548,-1.56018555164337,-1.30332553386688,5-14
GNB,Guinea-Bissau,2022,Sub-Saharan Africa,Low income,96.114,Repository: ILO-STATISTICS - Micro data processing,15.8,125.935,621.9465685986452,38.66455312577423,2564.4240723407056,,71.6,2.826,63.605,39.7047487828474,2105529.0,45.041,-1.18545567989349,-1.4869327545166,-1.45402991771698,5-14
GTM,Guatemala,2010,Latin America & Caribbean,Upper middle income,270.318,Repository: ILO-STATISTICS - Micro data processing,74.2,124.606,2967.75863124883,11.234151690189725,9825.01740019293,117.174377441406,34.8,5.296,69.885,39.2796021410179,14500112.0,48.403,-0.540784418582916,-0.720754623413086,-0.944123864173889,5-14
GTM,Guatemala,2011,Latin America & Caribbean,Upper middle income,175.034,Repository: ILO-STATISTICS - Micro data processing,74.0,131.686,3015.073394551021,11.258742752003558,10032.088347084891,115.991149902344,33.3,4.994,70.321,38.6764836466538,14792126.0,48.701,-0.537248194217682,-0.724510610103607,-1.03141474723816,5-14
GTM,Guatemala,2012,Latin America & Caribbean,Upper middle income,376.139,Repository: ILO-STATISTICS - Micro data processing,78.3,137.757,3048.470695705612,10.72274975333672,10126.828074123549,111.67342376709,32.0,4.618,70.722,38.0849047722887,15089647.0,49.0,-0.678762555122375,-0.787666738033295,-1.08391964435577,5-14
GTM,Guatemala,2013,Latin America & Caribbean,Upper middle income,219.104,Repository: ILO-STATISTICS - Micro data processing,80.4,141.131,3100.198318722257,10.356221215862478,10297.839285520828,108.923187255859,30.7,5.512,70.878,37.5045032969479,15387337.0,49.311,-0.63929146528244,-0.727540254592896,-1.09425866603851,5-14
GTM,Guatemala,2014,Latin America & Caribbean,Upper middle income,235.986,Repository: ILO-STATISTICS - Micro data processing,76.7,107.844,3180.0677611599385,10.074483516950671,10553.563931495615,105.432632446289,29.4,5.691,70.942,36.9435760415388,15681725.0,49.634,-0.756552994251251,-0.762856304645538,-0.956323862075806,5-14
GTM,Guatemala,2015,Latin America & Caribbean,Upper middle income,220.177,Repository: ILO-STATISTICS - Micro data processing,84.6,113.459,3282.9013608012424,9.96700317233299,10785.958152369816,104.099853515625,28.3,5.581,70.915,36.4121874487963,15971743.0,49.971,-0.781392335891724,-0.769879937171936,-0.95410692691803,5-14
GTM,Guatemala,2016,Latin America & Caribbean,Upper middle income,200.039,Repository: ILO-STATISTICS - Micro data processing,86.8,112.267,3354.199848720156,9.661395488147033,10872.593679984437,103.013893127441,27.2,5.582,71.215,35.8878857392942,16268760.0,50.319,-0.791301846504211,-0.654102444648743,-1.03206479549408,5-14
GTM,Guatemala,2017,Latin America & Caribbean,Upper middle income,230.505,Repository: ILO-STATISTICS - Micro data processing,89.6,120.638,3401.565078105468,9.696286721408097,11005.459077705023,103.033592224121,26.3,4.939,71.583,35.3681791247693,16567357.0,50.68,-0.787501215934753,-0.692473888397217,-1.07728862762451,5-14
GTM,Guatemala,2018,Latin America & Caribbean,Upper middle income,243.32,Repository: ILO-STATISTICS - Micro data processing,91.2,121.5,3464.0543788490204,9.435507565446,11192.371728085409,103.577819824219,25.4,4.679,71.496,34.8649698721067,16845685.0,51.054,-0.821764290332794,-0.717763662338257,-1.0757360458374,5-14
GTM,Guatemala,2019,Latin America & Caribbean,Upper middle income,194.119,Repository: ILO-STATISTICS - Micro data processing,93.5,122.044,3572.7883763110576,9.408725550642728,11466.376256098676,103.427291870117,24.5,4.461,71.639,34.3505691205216,17103803.0,51.439,-0.915584146976471,-0.726514339447021,-1.10042715072632,5-14
GTM,Guatemala,2021,Latin America & Caribbean,Upper middle income,209.177,Repository: ILO-STATISTICS - Micro data processing,98.1,125.719,3707.897164892276,9.17348969814635,11825.140920078224,103.809898376465,22.8,3.785,67.858,33.2663206192998,17598650.0,52.245,-1.19265234470367,-0.782863199710846,-1.11025655269623,5-14
GTM,Guatemala,2022,Latin America & Caribbean,Upper middle income,243.827,Repository: ILO-STATISTICS - Micro data processing,98.1,115.156,3813.259896047821,9.082101904823077,12147.930595119802,103.906227111816,22.1,6.274,71.206,32.7140281166214,17847877.0,52.666,-1.21014869213104,-0.907798588275909,-1.12746357917786,5-14
GUY,Guyana,2014,Latin America & Caribbean,High income,29.546,Repository: ILO-STATISTICS - Micro data processing,84.2,75.1635,,24.594086500999826,12030.052934404534,91.8280268330104,34.0,23.72,67.334,30.4814585490614,754229.0,26.414,-0.741052150726318,-0.221426650881767,-0.614713907241821,5-14
GUY,Guyana,2020,Latin America & Caribbean,High income,27.122,Repository: ILO-STATISTICS - Micro data processing,90.5,106.009,,16.851003324985076,19234.130197763687,99.12451171875,28.4,30.857,67.751,29.4667432009278,807481.0,26.786,-0.173186764121056,-0.446742802858353,-0.43357652425766,5-14
HND,Honduras,2007,Latin America & Caribbean,Lower middle income,105.128,Repository: ILO-STATISTICS - Micro data processing,49.6,53.4134,1626.5227195282052,11.911047441592826,5461.901518890309,100.340202331543,27.5,5.505,69.539,39.8765775533347,7834798.0,49.905,-0.791543304920197,-0.553879499435425,-0.928942918777466,5-14
HND,Honduras,2008,Latin America & Caribbean,Lower middle income,98.603,Repository: ILO-STATISTICS - Micro data processing,54.3,77.5119,1638.0217252621562,12.150170206263391,5566.706394877225,100.882621765137,26.5,5.521,69.657,39.2919665022046,8012587.0,50.566,-0.915665328502655,-0.622831583023071,-0.971363067626953,5-14
HND,Honduras,2009,Latin America & Caribbean,Lower middle income,129.951,Repository: ILO-STATISTICS - Micro data processing,57.6,102.452,1603.687774170007,10.825041486444617,5313.755739677915,98.9239883422852,25.5,6.0,69.823,38.6887578643374,8189899.0,51.225,-0.908242762088776,-0.674577832221985,-0.895501971244812,5-14
HND,Honduras,2010,Latin America & Caribbean,Lower middle income,114.412,Repository: ILO-STATISTICS - Micro data processing,61.8,113.617,1627.23482011511,11.591220437975716,5396.072279277437,98.8030395507812,24.6,7.506,69.77,38.0690967564371,8365878.0,51.885,-0.889169752597809,-0.636895477771759,-0.875314056873322,5-14
HND,Honduras,2011,Latin America & Caribbean,Lower middle income,109.566,Repository: ILO-STATISTICS - Micro data processing,63.4,94.399,1651.3370131664851,14.21965580169765,5488.433715963321,97.1901092529297,23.7,8.064,70.116,37.4398855441133,8540583.0,52.543,-0.833935797214508,-0.520890951156616,-0.905360877513885,5-14
HND,Honduras,2012,Latin America & Caribbean,Lower middle income,107.921,Repository: ILO-STATISTICS - Micro data processing,66.7,84.5665,1687.452225360111,13.56629403470611,5600.6077605497,93.8849105834961,22.8,6.972,70.46,36.8121668237795,8715076.0,53.202,-0.955132007598877,-0.691542148590088,-1.1464250087738,5-14
HND,Honduras,2013,Latin America & Caribbean,Lower middle income,126.36,Repository: ILO-STATISTICS - Micro data processing,73.4,87.3776,1716.7160542182846,12.191127940396145,5644.1338480204495,91.1447525024414,22.0,9.823,70.765,36.1855111396849,8889278.0,53.858,-0.945059180259705,-0.724005818367004,-1.17302989959717,5-14
HND,Honduras,2014,Latin America & Caribbean,Lower middle income,121.582,Repository: ILO-STATISTICS - Micro data processing,76.5,85.2365,1726.8143356686824,12.538350133310502,5705.162462654839,89.2037887573242,21.2,11.865,71.032,35.5523882635372,9063122.0,54.514,-0.787561237812042,-0.812356412410736,-0.943307340145111,5-14
HND,Honduras,2018,Latin America & Caribbean,Lower middle income,136.362,Repository: ILO-STATISTICS - Micro data processing | Data reference period: Second quarter,81.9,77.7101,1922.7058887617688,11.610160461364448,6219.279737750595,88.743467505188,18.4,10.489,72.001,33.1413951598893,9765210.0,57.096,-0.656895399093628,-0.618258476257324,-1.05719459056854,5-14
HND,Honduras,2019,Latin America & Caribbean,Lower middle income,117.419,Repository: ILO-STATISTICS - Micro data processing | Data reference period: Second quarter,80.3,76.0268,1978.1840574718933,10.638033409475147,6264.0188427671455,87.798469543457,17.8,10.761,72.124,32.6392711477148,9943633.0,57.73,-0.875853598117828,-0.619122743606567,-1.0414981842041,5-14
HND,Honduras,2023,Latin America & Caribbean,Lower middle income,109.586,Repository: ILO-STATISTICS - Micro data processing,88.8,74.4148,2205.484540405457,11.978794840663154,6467.880035278305,86.5522918701172,15.5,10.498,72.884,30.9961501574799,10644851.0,60.212,-1.11195814609528,-0.795222759246826,-1.09500813484192,5-14
HTI,Haiti,2012,Latin America & Caribbean,Lower middle income,723.712,Repository: ILO-STATISTICS - Micro data processing,3.9,60.5272,1283.9644444575192,19.469903594855527,3285.707546022664,,75.6,34.304,62.273,35.4691996207858,10069771.0,49.477,-1.24063181877136,-1.65928363800049,-1.33210027217865,5-14
IND,India,2021,South Asia,Lower middle income,517.913,Repository: ILO-STATISTICS - Micro data processing,99.3,81.604,1201.1004687991178,17.372561526031365,8050.018574526641,102.316123319201,30.6,20.824,67.282,25.9051614152815,1414203896.0,35.393,-0.317147105932236,0.249238416552544,-0.108451806008816,5-14
IND,India,2022,South Asia,Lower middle income,399.0,Repository: ILO-STATISTICS - Micro data processing,99.3,80.1818,1280.6690890081022,16.546129592575387,8594.391904998789,111.084455603874,29.1,17.769,71.698,25.4877038842946,1425423212.0,35.872,-0.322223275899887,0.369541674852371,0.113943412899971,5-14
IND,India,2023,South Asia,Lower middle income,825.1320000000001,Repository: ILO-STATISTICS - Micro data processing,99.2,80.5632,1339.9898037744538,16.193189357159135,9301.756032257346,112.03123091725,27.7,15.661,72.003,25.0570622244071,1438069596.0,36.364,-0.366014748811722,0.47511014342308,0.188364565372467,5-14
IND,India,2024,South Asia,Lower middle income,618.212,Repository: ILO-STATISTICS - Micro data processing,,,1429.3245869521013,16.352960956941985,9817.070820970484,,,16.028,,24.6239027058366,1450935791.0,36.867,,,,5-14
IRN,"Iran, Islamic Republic of",2008,"Middle East, North Africa, Afghanistan & Pakistan",Upper middle income,131.739,Repository: ILO-STATISTICS - Micro data processing,96.6,56.9429,2672.1335667644803,6.122772591238786,14138.801046813567,109.575981140137,21.7,23.136,73.683,24.022978008369,75514204.0,69.458,-0.755060851573944,-0.682821750640869,-0.97846394777298,5-14
IRN,"Iran, Islamic Republic of",2009,"Middle East, North Africa, Afghanistan & Pakistan",Upper middle income,148.857,Repository: ILO-STATISTICS - Micro data processing,99.0,68.7372,2693.7680487971006,6.924489614875876,14104.978303562815,108.988128662109,20.4,24.716,74.041,23.6607789980947,76457825.0,70.045,-0.767309308052063,-0.577192842960358,-1.05367839336395,5-14
IRN,"Iran, Islamic Republic of",2010,"Middle East, North Africa, Afghanistan & Pakistan",Upper middle income,109.921,Repository: ILO-STATISTICS - Micro data processing,98.3,69.8155,2776.425373378151,6.499390725602164,14737.155848090646,107.240280151367,19.3,28.7,74.39,23.4440887155161,77420842.0,70.626,-0.948633968830109,-0.49773833155632,-1.02666425704956,5-14
IRN,"Iran, Islamic Republic of",2011,"Middle East, North Africa, Afghanistan & Pakistan",Upper middle income,75.621,Repository: ILO-STATISTICS - Micro data processing,98.3,71.4984,2862.823349812292,4.642116204566292,14941.259488740892,107.185096740723,18.4,26.645,74.721,23.3284122570617,78383598.0,71.2,-0.880579233169556,-0.452714681625366,-0.967787086963654,5-14
IRN,"Iran, Islamic Republic of",2012,"Middle East, North Africa, Afghanistan & Pakistan",Upper middle income,86.499,Repository: ILO-STATISTICS - Micro data processing,98.4,73.2734,2773.9942253583267,6.79693716710654,14202.550764188934,107.180732727051,17.5,26.894,75.039,23.2783168730676,79370580.0,71.755,-0.797346830368042,-0.542041420936584,-0.918653786182404,5-14
IRN,"Iran, Islamic Republic of",2013,"Middle East, North Africa, Afghanistan & Pakistan",Upper middle income,59.189,Repository: ILO-STATISTICS - Micro data processing,99.4,81.1372,2710.710574521059,8.774909772760259,13804.791296975449,120.710372924805,16.8,23.872,75.349,23.3021591559915,80414686.0,72.295,-0.693914532661438,-0.690026342868805,-0.997067153453827,5-14
IRN,"Iran, Islamic Republic of",2014,"Middle East, North Africa, Afghanistan & Pakistan",Upper middle income,49.99,Repository: ILO-STATISTICS - Micro data processing,100.0,84.5269,2692.221010524399,9.37842415684426,14299.571772980786,111.849983215332,16.1,24.972,75.635,23.4123786500549,81502045.0,72.83,-0.62561160326004,-0.438457310199738,-1.05286180973053,5-14
IRN,"Iran, Islamic Republic of",2015,"Middle East, North Africa, Afghanistan & Pakistan",Upper middle income,42.914,Repository: ILO-STATISTICS - Micro data processing,99.8,89.8322,2645.8290624331703,10.091601414112562,13905.19211724866,109.025131225586,15.5,25.962,75.907,23.5910518166432,82619362.0,73.358,-0.634078562259674,-0.253069669008255,-0.940354943275452,5-14
IRN,"Iran, Islamic Republic of",2016,"Middle East, North Africa, Afghanistan & Pakistan",Upper middle income,53.581,Repository: ILO-STATISTICS - Micro data processing,99.8,96.0722,2720.62236101546,9.784420380706123,14915.594120929863,107.907333374023,15.0,29.087,76.155,23.7667032309414,83812228.0,73.88,-0.739870667457581,-0.237505525350571,-0.695977568626404,5-14
IRN,"Iran, Islamic Republic of",2019,"Middle East, North Africa, Afghanistan & Pakistan",Upper middle income,65.198,Repository: ILO-STATISTICS - Micro data processing,100.0,135.622,2488.019651484059,13.324869174343284,14040.664653207174,106.081970214844,13.5,25.948,76.855,23.9130747065987,87051648.0,75.391,-1.07153975963593,-0.599589228630066,-0.771478950977325,5-14
IRN,"Iran, Islamic Republic of",2020,"Middle East, North Africa, Afghanistan & Pakistan",Upper middle income,54.609,Repository: ILO-STATISTICS - Micro data processing,100.0,145.486,2482.369474594665,12.212998105241022,14397.15357057483,104.484008789062,13.0,23.712,74.141,23.7741603461688,87723443.0,75.874,-1.1111307144165,-1.01759469509125,-0.88682621717453,5-14
IRN,"Iran, Islamic Republic of",2021,"Middle East, North Africa, Afghanistan & Pakistan",Upper middle income,49.533,Repository: ILO-STATISTICS - Micro data processing,100.0,153.625,2558.0306709970628,12.393095995254342,14951.894871650333,,12.6,23.752,73.752,23.5503936372517,88455488.0,76.345,-1.11621344089508,-0.887051045894623,-0.966482520103455,5-14
IRN,"Iran, Islamic Republic of",2022,"Middle East, North Africa, Afghanistan & Pakistan",Upper middle income,53.321,Repository: ILO-STATISTICS - Micro data processing,100.0,162.713,2746.855556134953,12.765315121686596,15331.332940041908,,12.2,22.7,76.799,23.2212381703766,89524246.0,76.807,-1.12661647796631,-0.882911622524261,-1.01758456230164,5-14
IRN,"Iran, Islamic Republic of",2023,"Middle East, North Africa, Afghanistan & Pakistan",Upper middle income,52.344,Repository: ILO-STATISTICS - Micro data processing,100.0,166.28,2825.9305560755074,12.835764473318443,15912.029870628528,,11.8,22.637,77.654,22.838783032187,90608707.0,77.257,-1.23189043998718,-1.02239692211151,-1.06095492839813,5-14
JAM,Jamaica,2016,Latin America & Caribbean,Upper middle income,30.110999999999997,Repository: ILO-STATISTICS - Micro data processing,93.0,116.279,4089.070892045756,6.598787603458312,9886.551392646508,94.3311004638672,18.6,24.661,72.052,22.8352637001475,2809915.0,55.098,-0.208746403455734,0.473698228597641,-0.173104882240295,5-14
JAM,Jamaica,2022,Latin America & Caribbean,Upper middle income,51.467,Repository: ILO-STATISTICS - Micro data processing,100.0,105.762,,8.099365101753357,10072.048529340238,90.7408676147461,19.3,13.117,71.481,19.5798451927764,2839144.0,57.008,-0.02332185767591,0.603865921497345,-0.070953443646431,5-14
KEN,Kenya,2021,Sub-Saharan Africa,Lower middle income,784.2529999999999,Repository: ILO-STATISTICS - Micro data processing,68.2,122.298,1254.5161799732646,21.47707509572517,5338.852433827813,,41.9,12.232,61.225,38.6874677694824,53219166.0,28.493,-0.734718978404999,-0.325909495353699,-0.42144787311554,5-14
KEN,Kenya,2022,Sub-Saharan Africa,Lower middle income,712.319,Repository: ILO-STATISTICS - Micro data processing,65.0,121.169,1268.5197273418296,21.03619206499328,5491.693782802457,,41.1,12.187,63.549,38.0712456350252,54252461.0,29.002,-0.759503602981567,-0.329533219337463,-0.317989438772202,5-14
KGZ,Kyrgyz Republic,2018,Europe & Central Asia,Lower middle income,170.887,Repository: ILO-STATISTICS - Micro data processing,100.0,137.742,1040.985248018958,11.675286484238448,5951.8287675860565,100.821829500418,19.1,7.217,71.4,32.3299691629984,6444079.0,36.351,-0.961097419261932,-0.646288573741913,-0.928701460361481,5-14
KHM,Cambodia,1996,East Asia & Pacific,Lower middle income,236.506,Repository: ILO-STATISTICS - Micro data processing,,0.206552816,470.1249882865427,44.46307956251782,1643.0157905826063,,120.1,1.409,56.832,46.1596342911359,10801270.0,17.683,-1.01984238624573,-0.724763095378876,-1.19436883926392,5-14
KHM,Cambodia,2012,East Asia & Pacific,Lower middle income,198.819,Repository: ILO-STATISTICS - Micro data processing,28.5,127.835,1009.360095260582,26.795349937528297,4159.163541233121,120.336936950684,37.7,0.682,68.371,32.4283491051289,14945085.0,21.037,-1.08068156242371,-0.821808159351349,-0.981346189975739,5-14
KHM,Cambodia,2017,East Asia & Pacific,Lower middle income,171.88,Repository: ILO-STATISTICS - Micro data processing,86.1,115.551,1245.761104156555,17.868177158358588,5632.031256291601,110.514587402344,28.9,0.382,69.842,31.7040309990949,16073372.0,22.98,-1.31654536724091,-0.695688724517822,-1.07415091991425,5-14
KHM,Cambodia,2020,East Asia & Pacific,Lower middle income,217.649,Repository: ILO-STATISTICS - Micro data processing,82.9,126.076,1280.836030387082,17.039652291143486,6128.782437831366,111.00936126709,25.6,0.474,70.059,31.0778017734446,16725474.0,24.232,-1.27204155921936,-0.450370341539383,-0.96412593126297,5-14
KHM,Cambodia,2021,East Asia & Pacific,Lower middle income,199.064,Repository: ILO-STATISTICS - Micro data processing,77.1,117.235,1231.2083378651855,16.904414371009576,6225.532654747405,108.737748740777,24.7,0.83,69.301,30.7812858676309,16974305.0,24.668,-1.19797551631927,-0.474705845117569,-0.919177949428558,5-14
KHM,Cambodia,2023,East Asia & Pacific,Lower middle income,122.86,Repository: ILO-STATISTICS - Micro data processing,93.4,120.809,1319.832026563489,17.078447245559193,6695.291947633427,111.392143004927,22.9,0.695,70.668,30.1105571746776,17423880.0,25.57,-1.29921674728394,-0.305874288082123,-0.819127440452576,5-14
KIR,Kiribati,2019,East Asia & Pacific,Lower middle income,4.057,Repository: ILO-STATISTICS - Micro data processing,90.1,44.1071,1749.6476038908709,26.97835872298845,2927.4848842414067,104.128310837522,59.3,,65.866,35.1362365387486,123921.0,54.835,0.368371486663818,-0.0521556660532951,0.817316353321075,5-14
LAO,Lao PDR,2017,East Asia & Pacific,Lower middle income,674.9449999999999,Repository: ILO-STATISTICS - Micro data processing,90.5,52.8888,,16.19975985619791,7432.459633048496,107.5012462198,48.8,5.779,67.345,32.5273323571022,7018147.0,34.368,-0.966396510601044,-0.416755855083466,-0.90196168422699,5-14
LAO,Lao PDR,2022,East Asia & Pacific,Lower middle income,137.061,Repository: ILO-STATISTICS - Micro data processing,100.0,63.3546,,14.868882228227642,8183.032864726526,97.2226134363857,40.4,2.184,68.715,30.9169093958433,7559007.0,37.592,-0.96577924489975,-0.597129583358765,-0.804427981376648,5-14
LBN,Lebanon,2019,"Middle East, North Africa, Afghanistan & Pakistan",Lower middle income,5.042,Repository: ILO-STATISTICS - Micro data processing,99.6,73.1365,7462.186694342697,3.1690998515024518,15659.566104001173,,14.7,23.28,78.208,27.9082883114848,5794594.0,88.758,-1.16905236244202,-0.809089601039886,-0.852763473987579,5-14
LSO,Lesotho,2018,Sub-Saharan Africa,Lower middle income,74.96,Repository: ILO-STATISTICS - Micro data processing,,72.4555,868.1264518307314,4.249775434305065,2846.4182812464937,100.601681516616,69.1,24.901,54.638,36.2917847246042,2183603.0,28.153,-0.137125387787819,-0.922583103179932,-0.366341024637222,5-14
MDG,Madagascar,2018,Sub-Saharan Africa,Low income,3067.951,Repository: ILO-STATISTICS - Micro data processing,16.0,38.7516,328.5285046886636,23.973383300586143,1678.7862326923646,136.93602734389,65.8,4.193,63.491,40.9322941985732,27494926.0,37.191,-1.02106416225433,-1.21214354038239,-0.836356043815613,5-14
MDG,Madagascar,2022,Sub-Saharan Africa,Low income,554.56,Repository: ILO-STATISTICS - Micro data processing,10.9,64.7495,321.63257862627097,21.544235787842723,1602.7136835231067,138.19226558666,65.7,5.602,63.068,39.8661354559159,30437261.0,39.882,-0.969914019107819,-0.972033023834229,-0.950021684169769,5-14
MEX,Mexico,2007,Latin America & Caribbean,Upper middle income,1515.844,Repository: ILO-STATISTICS - Micro data processing,93.3,61.1904,6843.067279810131,3.041865673303749,21102.26883135189,108.726860046387,21.1,7.124,73.796,31.1034912087738,108774360.0,76.92,-0.341457366943359,0.136410132050514,-0.542932212352753,5-14
MEX,Mexico,2019,Latin America & Caribbean,Upper middle income,888.839,Repository: ILO-STATISTICS - Micro data processing,98.3,97.0359,7081.059461687631,3.315024402843598,21704.18594749033,105.095039367676,14.2,7.16,74.53,26.3467733838135,125762982.0,80.444,-0.917449772357941,-0.306684851646423,-0.657918453216553,5-14
MEX,Mexico,2022,Latin America & Caribbean,Upper middle income,895.494,Repository: ILO-STATISTICS - Micro data processing,100.0,105.713,7095.721229654034,3.899314571789597,21392.11145737768,102.004783630371,12.9,6.465,73.973,25.3113209855908,128613117.0,81.3,-1.01208603382111,-0.281723529100418,-0.869425058364868,5-14
MKD,North Macedonia,2011,Europe & Central Asia,Upper middle income,29.999000000000002,Repository: ILO-STATISTICS - Micro data processing,99.6,108.468,3251.0503309892774,9.350992920941174,17200.288834278508,,10.0,55.109,75.1,19.044836041933,1937398.0,57.092,-0.106993712484837,-0.221158087253571,-0.269508898258209,5-14
MKD,North Macedonia,2019,Europe & Central Asia,Upper middle income,40.307,Repository: ILO-STATISTICS - Micro data processing,100.0,101.232,4212.320280097143,8.132291394476262,21765.685432704653,93.6538467407227,7.0,35.353,76.60243902439025,17.2420652799976,1876262.0,58.208,-0.456911981105804,-0.124041438102722,-0.306625753641129,5-14
MLI,Mali,2015,Sub-Saharan Africa,Low income,303.055,Repository: ILO-STATISTICS - Micro data processing,7.3,122.083,618.8607135020334,30.525122276133,2686.559744481003,72.1444473266602,115.7,2.169,57.852,47.9908241920006,18593022.0,39.991,-0.704493343830109,-0.960362553596497,-0.75167179107666,5-14
MLI,Mali,2016,Sub-Saharan Africa,Low income,309.082,Repository: ILO-STATISTICS - Micro data processing,8.4,105.348,632.8080828240498,30.998719270246077,2759.1095822031903,73.5641021728516,112.4,2.134,58.286,47.9672952669491,19191289.0,40.783,-0.677658140659332,-1.02762377262115,-0.799188196659088,5-14
MLI,Mali,2017,Sub-Saharan Africa,Low income,357.592,Repository: ILO-STATISTICS - Micro data processing,,111.21,644.984150382442,31.400776643576062,2816.193289029609,76.4468078613281,109.3,2.23,58.562,47.8892998113538,19813011.0,41.572,-0.665663719177246,-0.964268267154694,-0.792974710464478,5-14
MLI,Mali,2018,Sub-Saharan Africa,Low income,248.561,Repository: ILO-STATISTICS - Micro data processing,25.4,107.404,650.5935856262739,32.49754139846564,2862.4063242994525,72.0947494506836,106.1,2.321,58.873,47.7693714315401,20442030.0,42.356,-0.711823046207428,-1.02613079547882,-0.815612316131592,5-14
MLI,Mali,2020,Sub-Saharan Africa,Low income,230.989,Repository: ILO-STATISTICS - Micro data processing,16.8,116.587,660.0201554116621,32.28996083701912,2796.410384456078,74.6229097090378,100.0,6.733,58.858,47.3193439270552,21713836.0,43.909,-0.800912976264954,-1.18640530109406,-0.949093222618103,5-14
MMR,Myanmar,2020,East Asia & Pacific,Lower middle income,96.502,Repository: ILO-STATISTICS - Micro data processing | Data reference period: First semester,60.1,148.158,,22.418652540050267,5926.83450206681,,42.9,4.955,66.612,25.145748198512,53016522.0,31.141,-0.679686844348907,-1.01606965065002,-1.19570922851562,5-14
MNE,Montenegro,2018,Europe & Central Asia,Upper middle income,13.428999999999998,Repository: ILO-STATISTICS - Micro data processing,100.0,184.219,5868.635269509711,6.7322377887813545,23877.72406732957,103.264472961426,3.3,29.61,77.88536585365854,18.4355183137245,626438.0,66.813,-0.0147577738389373,0.0904116332530975,0.0027681780047714,5-14
MNG,Mongolia,2018,East Asia & Pacific,Upper middle income,69.376,Repository: ILO-STATISTICS - Micro data processing,94.6,133.284,2658.660187722065,11.428004519305912,15230.240882884682,96.7014588979647,16.4,16.46,70.82707317073172,31.6053636290742,3208189.0,68.445,-0.449105560779572,-0.246418356895447,-0.278612732887268,5-14
MNG,Mongolia,2022,East Asia & Pacific,Upper middle income,46.291,Repository: ILO-STATISTICS - Micro data processing,100.0,142.809,2729.776224820874,13.027853403536083,15310.434946916346,95.5634577935822,13.9,11.555,71.90073170731708,32.8847775334722,3433748.0,68.93,-0.561183452606201,-0.424924910068512,-0.187781766057014,5-14
MRT,Mauritania,2015,Sub-Saharan Africa,Lower middle income,211.817,Repository: ILO-STATISTICS - Micro data processing,,91.8941,993.2585438896284,20.629545611190856,5969.542398815748,96.381950378418,48.9,18.509,66.498,44.2531105658317,3965959.0,51.089,-0.939602792263031,-1.06793129444122,-0.891648173332214,5-14
MRT,Mauritania,2019,Sub-Saharan Africa,Lower middle income,23.407,Repository: ILO-STATISTICS - Micro data processing,,105.441,1006.3171870766304,19.957882454072024,6162.210450713407,90.7190322875977,43.0,23.372,67.64,43.9837384179987,4467708.0,54.507,-0.866159081459045,-0.60952889919281,-0.608457326889038,5-14
MWI,Malawi,2015,Sub-Saharan Africa,Low income,1965.69,Repository: ILO-STATISTICS - Micro data processing,3.4,38.4342,,22.99483636983682,1597.6914532485466,138.30826164904,56.7,6.731,62.324,45.4289835052199,17085587.0,16.313,-0.794206321239471,-0.738582670688629,-0.32932847738266,5-14
MWI,Malawi,2017,Sub-Saharan Africa,Low income,593.87,Repository: ILO-STATISTICS - Micro data processing | Data reference period: Noncalendar year,3.7,43.0855,,22.926231982132336,1613.059357146196,138.961991786345,50.6,6.827,63.914,44.6414563644714,18039715.0,16.714,-0.687570571899414,-0.725338280200958,-0.394054114818573,5-14
MWI,Malawi,2020,Sub-Saharan Africa,Low income,1087.316,Repository: ILO-STATISTICS - Micro data processing | Data reference period: Noncalendar year,3.5,51.217,,25.015011006226672,1656.4398519253257,136.815766207307,43.1,7.865,65.216,43.1180685360249,19533888.0,17.427,-0.39216423034668,-0.818265616893768,-0.277480274438858,5-14
NER,Niger,2012,Sub-Saharan Africa,Low income,1836.9560000000001,Repository: ILO-STATISTICS - Micro data processing,5.2,30.2495,320.5783774386954,33.68099382086321,1403.1897106785675,67.3207092285156,130.7,3.854,57.987,49.4502634011164,17836769.0,16.212,-0.647685706615448,-0.695407688617706,-0.663967430591583,5-14
NER,Niger,2014,Sub-Saharan Africa,Low income,2742.094,Repository: ILO-STATISTICS - Micro data processing,7.3,42.8624,317.510824999591,33.429044234363936,1462.8212299849097,72.2660064697266,127.4,0.674,58.693,49.3246975722044,19215909.0,16.219,-0.695517003536224,-0.713478982448578,-0.650923073291779,5-14
NER,Niger,2022,Sub-Saharan Africa,Low income,3497.708,Repository: ILO-STATISTICS - Micro data processing,7.7,63.3771,389.4362328758611,41.3505163572647,1717.5189145768409,68.331413269043,117.1,0.414,60.398,47.3266584157624,25311973.0,16.894,-0.584792077541351,-0.627598226070404,-0.49811726808548,5-14
NGA,Nigeria,2017,Sub-Saharan Africa,Lower middle income,25944.202,Repository: ILO-STATISTICS - Micro data processing,22.6,72.368,,20.84657143005422,5651.7341316503735,76.4630992205934,122.8,9.835,52.397,43.8805787404257,200254579.0,49.519,-1.09915590286255,-1.04120397567749,-0.88729989528656,5-14
NGA,Nigeria,2022,Sub-Saharan Africa,Lower middle income,5413.934,Repository: ILO-STATISTICS - Micro data processing,27.0,99.5852,,23.691871840460323,5552.837649949573,,108.1,6.01,54.079,41.9524339305195,223150896.0,53.521,-1.12968230247498,-1.04151690006256,-0.913985073566437,5-14
NPL,Nepal,2014,South Asia,Lower middle income,1108.478,Repository: ILO-STATISTICS - Micro data processing,82.1,83.1925,717.1065796649726,27.461895362062226,3621.7316893711222,141.936632219033,40.1,19.342,67.812,33.6340117169945,27672370.0,18.182,-0.588949203491211,-0.863811731338501,-0.649449348449707,5-14
PAK,Pakistan,2009,"Middle East, North Africa, Afghanistan & Pakistan",Lower middle income,2068.852,Repository: ILO-STATISTICS - Micro data processing,75.2,48.5357,1010.2555534449376,21.786922974953416,4270.438822642294,74.1731033325195,89.1,1.08,64.206,39.6243452926267,194376534.0,34.793,-1.07562577724457,-0.812300384044647,-0.838977217674255,5-14
PAK,Pakistan,2010,"Middle East, North Africa, Afghanistan & Pakistan",Lower middle income,1941.832,Repository: ILO-STATISTICS - Micro data processing,82.1,49.7823,1007.6103199269568,22.688810174178865,4228.7817715945,74.5181025649786,87.1,1.287,64.378,39.3404697423593,199239047.0,34.997,-1.08961069583893,-0.775662660598755,-0.737805545330048,5-14
PAK,Pakistan,2011,"Middle East, North Africa, Afghanistan & Pakistan",Lower middle income,1927.14,Repository: ILO-STATISTICS - Micro data processing,82.9,53.4462,1024.9381782710125,23.81964297862802,4246.067108824967,71.0259884181485,84.9,1.719,64.659,39.1356717469259,203746065.0,35.202,-1.08339202404022,-0.833723247051239,-0.9066281914711,5-14
PAK,Pakistan,2013,"Middle East, North Africa, Afghanistan & Pakistan",Lower middle income,1854.851,Repository: ILO-STATISTICS - Micro data processing,84.8,60.5178,1058.7691200043498,23.707594593490796,4407.147058413765,70.2436408942136,80.4,5.98,65.129,38.9429265910198,211073978.0,35.613,-0.962785661220551,-0.798744976520538,-0.856186628341675,5-14
PAK,Pakistan,2014,"Middle East, North Africa, Afghanistan & Pakistan",Lower middle income,1833.128,Repository: ILO-STATISTICS - Micro data processing,85.8,63.3618,1102.4331587839258,23.49273200978554,4520.234633992859,74.3189018516843,78.0,4.052,65.374,38.8636272293292,214264647.0,35.819,-0.83929455280304,-0.762600779533386,-0.751135647296906,5-14
PAK,Pakistan,2015,"Middle East, North Africa, Afghanistan & Pakistan",Lower middle income,1763.138,Repository: ILO-STATISTICS - Micro data processing,86.9,57.9406,1120.101812276471,23.262840775624166,4645.286310711446,74.8479908789247,75.6,6.682,65.641,38.7612117135196,217290883.0,36.026,-0.834522724151611,-0.709552943706512,-0.777004957199097,5-14
PAK,Pakistan,2018,"Middle East, North Africa, Afghanistan & Pakistan",Lower middle income,1587.265,Repository: ILO-STATISTICS - Micro data processing | Data reference period: Noncalendar year,90.1,67.8568,1325.580520241853,21.65123535939572,5255.06350681272,82.0333064173511,68.8,7.864,66.481,38.2979161633197,226928892.0,36.666,-0.801856637001038,-0.666645467281342,-0.683649957180023,5-14
PAK,Pakistan,2019,"Middle East, North Africa, Afghanistan & Pakistan",Lower middle income,1368.712,Repository: ILO-STATISTICS - Micro data processing | Data reference period: Noncalendar year,90.7,71.666,1375.946659636234,20.67787132228868,5295.952951382034,83.1845752333307,66.7,9.598,66.729,38.0886554477603,230800899.0,36.907,-0.879992425441742,-0.718214333057404,-0.68840104341507,5-14
PAK,Pakistan,2021,"Middle East, North Africa, Afghanistan & Pakistan",Lower middle income,880.468,Repository: ILO-STATISTICS - Micro data processing | Data reference period: Noncalendar year,91.9,78.8012,1410.174885376249,22.66250807607427,5367.273647147621,84.3684597161784,62.5,11.053,65.773,37.5856838554854,239477801.0,37.44,-0.810481548309326,-0.438822388648987,-0.658620655536652,5-14
PAN,Panama,2008,Latin America & Caribbean,High income,27.273,Repository: ILO-STATISTICS - Micro data processing,65.0,111.843,5626.031602960614,4.444230484522416,21867.818758435853,109.24104309082,19.7,12.97,75.937,29.7411750994137,3500648.0,64.56,-0.101286359131336,0.118165627121925,-0.203979909420013,5-14
PAN,Panama,2010,Latin America & Caribbean,High income,18.362,Repository: ILO-STATISTICS - Micro data processing,64.7,183.169,6005.589886540121,3.6360032899331394,22739.11061680495,106.050537109375,18.6,13.43,76.417,29.1899347808413,3628535.0,65.14,-0.358153432607651,0.131257295608521,-0.0802930667996407,5-14
PAN,Panama,2012,Latin America & Caribbean,High income,17.699,Repository: ILO-STATISTICS - Micro data processing,71.1,165.287,6322.501582945926,3.128776878875018,26926.88527530706,103.401817321777,17.7,9.583,76.877,28.6801735077597,3759256.0,65.741,-0.395119667053223,0.319876164197922,-0.222083896398544,5-14
PAN,Panama,2014,Latin America & Caribbean,High income,20.788,Repository: ILO-STATISTICS - Micro data processing,74.5,177.439,6968.112574605399,2.98667755648831,28931.80444695537,99.1061172485352,17.3,11.523,77.365,28.1713434686489,3892101.0,66.371,-0.370015203952789,0.27743074297905,-0.0646798387169838,5-14
PAN,Panama,2023,Latin America & Caribbean,High income,19.806,Repository: ILO-STATISTICS - Micro data processing | Data reference period: October,90.7,156.587,7629.033016711088,2.450282130453097,35863.880148831005,94.5526123046875,13.3,16.765,79.594,25.2761698939099,4458759.0,69.512,-0.62809419631958,-0.209720730781555,-0.3459812104702,5-14
PAN,Panama,2024,Latin America & Caribbean,High income,22.99,Repository: ILO-STATISTICS - Micro data processing | Data reference period: October,,,,2.5765727958599776,36426.00794364497,,,16.75,,24.8949248346335,4515577.0,69.888,,,,5-14
PHL,Philippines,2019,East Asia & Pacific,Lower middle income,466.707,Repository: ILO-STATISTICS - Micro data processing,93.0,151.007,2547.9804393898776,8.820323747305245,9452.293971598096,95.9793329033507,28.0,6.696,69.68,31.2733955871098,110804683.0,47.149,-0.606206953525543,0.059953011572361,-0.57440197467804,5-14
PHL,Philippines,2022,East Asia & Pacific,Lower middle income,568.322,Repository: ILO-STATISTICS - Micro data processing,91.1,147.429,2573.216113213137,9.55176804414326,9457.103954028831,91.8715546202869,27.3,6.813,69.472,29.3310099808108,113964338.0,47.977,-0.541212201118469,0.063930444419384,-0.518263161182404,5-14
PRY,Paraguay,2016,Latin America & Caribbean,Upper middle income,140.05,Repository: ILO-STATISTICS - Micro data processing,96.1,119.848,3830.109194510144,10.696513407573049,14826.663690995636,98.1175384521484,21.5,11.529,73.487,29.873417498703,6249126.0,61.026,-0.763090431690216,-0.821805059909821,-0.689654231071472,5-14
PRY,Paraguay,2017,Latin America & Caribbean,Upper middle income,43.294,Repository: ILO-STATISTICS - Micro data processing,98.5,117.821,3956.3009949454217,10.184824482152116,15320.336647695947,,20.8,14.28,73.45,29.6522664370493,6338660.0,61.3,-0.75071793794632,-0.841798901557922,-0.667961835861206,5-14
PRY,Paraguay,2018,Latin America & Caribbean,Upper middle income,43.801,Repository: ILO-STATISTICS - Micro data processing,99.1,115.75,4071.256912402509,9.950203385488557,15592.984139027316,,20.1,14.52,73.627,29.4697304026531,6427382.0,61.585,-0.870756983757019,-0.604888737201691,-0.602268278598785,5-14
PRY,Paraguay,2019,Latin America & Caribbean,Upper middle income,38.672,Repository: ILO-STATISTICS - Micro data processing,99.4,119.137,4089.352904547464,9.667473664167268,15321.324552893258,89.8882085878874,19.4,15.3,73.668,29.2982426250081,6515058.0,61.879,-0.893645703792572,-0.576773107051849,-0.567496180534363,5-14
PRY,Paraguay,2021,Latin America & Caribbean,Upper middle income,33.225,Repository: ILO-STATISTICS - Micro data processing,100.0,119.313,4077.550474249273,11.2789007802766,15406.167064657851,92.5459365844727,18.2,16.203,68.108,29.0219356684184,6684182.0,62.496,-1.0265417098999,-0.655920207500458,-0.575897037982941,5-14
PRY,Paraguay,2022,Latin America & Caribbean,Upper middle income,33.27,Repository: ILO-STATISTICS - Micro data processing,100.0,128.088,4123.590604051995,10.8974804512494,15259.14563118262,93.2309494018555,17.6,14.601,72.319,28.926431676879,6760464.0,62.818,-1.0905796289444,-0.614015102386475,-0.591498374938965,5-14
PRY,Paraguay,2023,Latin America & Caribbean,Upper middle income,27.7,Repository: ILO-STATISTICS - Micro data processing,99.5,126.605,4203.248906390665,11.580275096170752,15826.087501295417,92.3777923583984,17.0,13.185,73.844,28.7810049639502,6844146.0,63.149,-1.05772292613983,-0.462065368890762,-0.582174599170685,5-14
PRY,Paraguay,2024,Latin America & Caribbean,Upper middle income,22.323,Repository: ILO-STATISTICS - Micro data processing,,,4368.369979521689,10.708048272647632,16296.283618926693,,,14.105,,28.5879240940415,6929153.0,63.489,,,,5-14
PSE,West Bank and Gaza,2020,"Middle East, North Africa, Afghanistan & Pakistan",Lower middle income,151.433,Repository: ILO-STATISTICS - Micro data processing,100.0,80.1298,2556.883655693653,7.101605104399391,5423.682546531257,95.1808624267578,15.2,42.053,74.998,39.3067665649116,4803269.0,76.719,-0.576270461082458,-0.677145183086395,-0.473232418298721,5-14
SDN,Sudan,2014,Sub-Saharan Africa,Low income,2787.624,Repository: ILO-STATISTICS - Micro data processing,28.9,71.5977,1091.87915039063,32.624270816267384,4207.50048828125,76.3096008300781,66.4,27.34,63.99,44.0197447832769,38823318.0,33.689,-1.46285510063171,-1.55851590633392,-1.16981041431427,5-14
SDN,Sudan,2022,Sub-Saharan Africa,Low income,319.179,Repository: ILO-STATISTICS - Micro data processing,49.4,70.2084,883.330383300781,5.031292661501224,3132.0771484375,,51.8,12.0,65.695,40.9119122964239,49383346.0,35.956,-1.41372871398926,-1.68637764453888,-1.26009333133698,5-14
SEN,Senegal,2016,Sub-Saharan Africa,Lower middle income,932.726,Repository: ILO-STATISTICS - Micro data processing,44.5,101.011,904.0202262326088,14.4140203888971,3710.055315897236,83.9003457682441,51.1,6.374,66.724,42.0962643936666,15034521.0,46.296,-0.0242784265428782,-0.502697646617889,-0.123833999037743,5-14
SEN,Senegal,2019,Sub-Saharan Africa,Lower middle income,290.81899999999996,Repository: ILO-STATISTICS - Micro data processing,47.8,109.342,948.037751787062,14.896272123444476,4070.612270585939,83.3581314086914,46.5,4.037,67.668,40.8595094154888,16352922.0,47.653,-0.0035719706211239,-0.13431353867054,-0.215208232402802,5-14
SEN,Senegal,2022,Sub-Saharan Africa,Lower middle income,455.315,Repository: ILO-STATISTICS - Micro data processing,43.4,118.15,964.5250462059876,16.333323196840553,4228.733826429741,83.2787017822266,40.4,3.915,67.788,39.1603034665879,17651103.0,49.086,-0.0131743038073182,0.0397833846509457,-0.268764853477478,5-14
SLE,Sierra Leone,2017,Sub-Saharan Africa,Low income,700.4929999999999,Repository: ILO-STATISTICS - Micro data processing,5.4,89.7782,1001.3384141701708,33.3320506947837,2755.904289224262,122.320801312267,117.9,5.266,57.761,41.0242626027215,7379299.0,41.636,-0.590301275253296,-1.22013700008392,-0.806489408016205,5-14
SLV,El Salvador,2020,Latin America & Caribbean,Upper middle income,41.068999999999996,Repository: ILO-STATISTICS - Micro data processing,100.0,159.575,3139.0048796413244,5.35480047301112,9692.449316057988,90.9966583251953,11.7,11.069,70.244,26.3333356590365,6234673.0,73.444,-0.577636420726776,-0.261266618967056,-0.777085423469543,5-14
SLV,El Salvador,2021,Latin America & Caribbean,Upper middle income,32.9,Repository: ILO-STATISTICS - Micro data processing,94.1,176.973,3427.203848830671,4.812255148720145,10809.71339951796,89.3974380493164,11.2,9.804,69.941,25.9958408074195,6255782.0,74.118,-0.5537109375,-0.34182408452034,-0.866383194923401,5-14
SLV,El Salvador,2022,Latin America & Caribbean,Upper middle income,26.962,Repository: ILO-STATISTICS - Micro data processing,100.0,183.249,3410.581695369223,4.558752838081563,11085.617807468843,89.3291473388672,10.8,7.48,71.969,25.617058623933,6280319.0,74.767,-0.642525255680084,-0.321259051561356,-0.742217719554901,5-14
SLV,El Salvador,2023,Latin America & Caribbean,Upper middle income,29.039,Repository: ILO-STATISTICS - Micro data processing,96.6,179.706,3425.683019804974,4.450412566454599,11424.645917691656,91.0513610839844,10.4,6.956,72.099,25.2103928855349,6309624.0,75.393,-0.561315059661865,0.0504390224814415,-0.369357317686081,5-14
SRB,Serbia,2014,Europe & Central Asia,Upper middle income,105.675,Repository: ILO-STATISTICS - Micro data processing,99.5,131.353,4067.0337103308334,6.117375335927842,17921.434809409217,102.185791015625,6.6,47.632,75.33658536585367,14.319447946837,7131787.0,55.583,-0.2474045753479,0.0016253917710855,-0.0947809815406799,5-14
SRB,Serbia,2019,Europe & Central Asia,Upper middle income,123.85499999999999,Repository: ILO-STATISTICS - Micro data processing,99.7,122.048,4617.072025374857,4.764748514931961,21539.92129280136,99.6345596313477,5.7,27.495,75.93658536585367,14.2533414248396,6945235.0,56.26,-0.450225323438644,-0.0167613662779331,-0.143851891160011,5-14
SRB,Serbia,2022,Europe & Central Asia,Upper middle income,56.436,Repository: ILO-STATISTICS - Micro data processing,100.0,129.813,5251.558175607113,5.338337720634305,24633.06977902316,98.8989791870117,5.3,23.214,75.23658536585367,14.3546142379414,6664449.0,56.873,-0.456542432308197,0.0651759877800941,-0.113955773413181,5-14
SSF,Sub-Saharan Africa,2020,,,83013.189,,28.819100429819827,81.0,1066.4458520346464,18.250467670566792,4188.704582057774,99.0366668701172,74.7,12.49124217319005,61.16752708299017,41.98576574548761,1169015451.0,41.36862978615413,,,,5-14
STP,São Tomé and Principe,2014,Sub-Saharan Africa,Lower middle income,11.998000000000001,Repository: ILO-STATISTICS - Micro data processing,52.4,65.3057,,13.279576863664513,5223.095728863879,106.443450927734,25.4,14.86,65.478,42.0319464137787,196767.0,69.213,0.0131356371566653,-0.869527339935303,-0.790939271450043,5-14
STP,São Tomé and Principe,2019,Sub-Saharan Africa,Lower middle income,11.579,Repository: ILO-STATISTICS - Micro data processing,68.2,77.6791,,11.929654819469627,5702.083470712361,111.996418979409,17.0,8.4,68.043,40.4731667541426,213392.0,73.598,0.13343557715416,-0.754401445388794,-0.693114876747131,5-14
SUR,Suriname,2018,Latin America & Caribbean,Upper middle income,8.008,Repository: ILO-STATISTICS - Micro data processing,94.3,125.48,,10.032466985928828,22938.53537155452,103.715621948242,19.0,24.482,71.468,27.5121035841621,599513.0,66.06,-0.240344256162643,-0.686521708965302,-0.0878103971481323,5-14
SWZ,Eswatini,2010,Sub-Saharan Africa,Lower middle income,28.692999999999998,Repository: ILO-STATISTICS - Micro data processing,39.8,65.2905,,10.156212732348513,8210.696985763456,125.429336547852,81.8,54.314,48.331,38.8011064633653,1111650.0,22.48,-0.0418579690158367,-0.298220843076706,-0.47066456079483,5-14
SWZ,Eswatini,2022,Sub-Saharan Africa,Lower middle income,89.489,Repository: ILO-STATISTICS - Micro data processing,81.6,121.492,2200.691333817015,7.5820560091282045,9955.709045953654,,46.2,58.33,63.028,33.9505618309376,1218917.0,24.576,-0.726303339004517,-0.781404197216034,-0.645428061485291,5-14
TCD,Chad,2015,Sub-Saharan Africa,Low income,1101.43,Repository: ILO-STATISTICS - Micro data processing,0.5,37.3153,624.2606702538573,33.621025510837875,2823.3607152971417,91.56591796875,129.3,1.403,51.32,48.5266754239477,14647621.0,22.515,-1.38182151317596,-1.49103915691376,-1.21115374565125,5-14
TCD,Chad,2019,Sub-Saharan Africa,Low income,2481.959,Repository: ILO-STATISTICS - Micro data processing,,45.9379,588.7754447528503,37.59036525339141,2604.9163655198927,86.5310592651367,114.6,1.496,52.993,48.1220928242913,16685223.0,23.279,-1.417515873909,-1.60712659358978,-1.31430351734161,5-14
TGO,Togo,2017,Sub-Saharan Africa,Low income,912.4749999999999,Repository: ILO-STATISTICS - Micro data processing,19.5,75.3357,594.3805287200206,20.31545741324921,2389.212448328693,123.164161682129,70.9,9.282,60.135,41.2322139885998,8057140.0,41.162,-0.735369741916656,-1.16570484638214,-0.730986833572388,5-14
TGO,Togo,2019,Sub-Saharan Africa,Low income,335.158,Repository: ILO-STATISTICS - Micro data processing,23.9,73.7225,625.3269739679891,19.51453467086476,2501.030875362434,121.971061706543,66.3,3.076,61.055,40.9267242092348,8463068.0,42.248,-0.746111989021301,-0.972673833370209,-0.590546667575836,5-14
TGO,Togo,2022,Sub-Saharan Africa,Low income,245.23399999999998,Repository: ILO-STATISTICS - Micro data processing,25.0,72.2148,640.3892919646576,18.70014266678964,2662.2591713482248,122.478256225586,60.2,3.418,62.29,40.2169600368591,9089738.0,43.921,-0.637628197669983,-0.645623385906219,-0.550358951091766,5-14
TKM,Turkmenistan,2016,Europe & Central Asia,Upper middle income,9.75,Repository: ILO-STATISTICS - Micro data processing,100.0,134.826,,10.52743832597379,13552.847711874516,,43.3,8.714,69.142,29.9031798694379,6360041.0,50.728,-1.39584314823151,-0.912186086177826,-1.48835563659668,5-14
TLS,Timor-Leste,2016,East Asia & Pacific,Lower middle income,36.954,Repository: ILO-STATISTICS - Micro data processing,67.2,121.478,781.3040172203806,17.06307469237678,4517.581269474394,123.866365972623,59.1,13.065,65.61,38.4458665411828,1228312.0,29.85,-0.5377396941185,-1.03911125659943,-1.17595374584198,5-14
TLS,Timor-Leste,2022,East Asia & Pacific,Lower middle income,12.44,Repository: ILO-STATISTICS - Micro data processing,100.0,108.158,845.1015303495597,10.334492362047108,5347.007590412169,120.849599035731,51.4,3.212,67.368,34.8343363430319,1369295.0,32.074,-0.265468001365662,-0.770140171051025,-0.880377769470215,5-14
TON,Tonga,2019,East Asia & Pacific,Upper middle income,11.814,Repository: ILO-STATISTICS - Micro data processing,97.9,58.7722,4424.786521552557,20.241187698002364,6875.025383966949,113.312034078807,11.0,6.437,72.292,35.9919371247143,105669.0,23.107,-0.330168128013611,0.206365019083023,0.49822136759758,5-14
TTO,Trinidad and Tobago,2011,Latin America & Caribbean,High income,2.33,Repository: ILO-STATISTICS - Micro data processing,100.0,130.912,,0.456542570355529,34814.37173362736,,24.3,8.586,72.232,20.1233276677924,1328019.0,53.836,-0.135050490498543,0.391060173511505,-0.179331794381142,5-14
TTO,Trinidad and Tobago,2022,Latin America & Caribbean,High income,22.555,Repository: ILO-STATISTICS - Micro data processing,100.0,133.632,,0.7591153495323377,30793.39983044248,,19.6,10.596,73.331,18.2981192529153,1365805.0,53.34,-0.37944084405899,-0.0255433935672045,-0.16856224834919,5-14
TUN,Tunisia,2023,"Middle East, North Africa, Afghanistan & Pakistan",Lower middle income,117.28799999999998,Repository: ILO-STATISTICS - Micro data processing,100.0,134.136,2909.9043109375,9.331241228623892,12622.960392941748,103.529930114746,12.9,38.484,76.508,24.4349031603884,12200431.0,70.544,-0.341899782419205,-0.300515085458755,-0.138983190059662,5-14
TUV,Tuvalu,2020,East Asia & Pacific,Upper middle income,0.9219999999999999,Repository: ILO-STATISTICS - Micro data processing,98.4,86.5468,,,5154.459578340151,94.6327667236328,21.9,,66.357,31.6649838934564,10399.0,64.014,0.484494268894196,-0.433251231908798,0.652460515499115,5-14
TZA,Tanzania,2014,Sub-Saharan Africa,Lower middle income,3573.467,Repository: ILO-STATISTICS - Micro data processing,10.0,63.2804,583.016662597656,25.80257744755709,3027.56909179688,85.9815352325255,56.7,3.693,63.364,44.7713352160243,50351512.0,30.904,-0.761549293994904,-0.657758951187134,-0.401008069515228,5-14
UGA,Uganda,2012,Sub-Saharan Africa,Low income,1740.4450000000002,Repository: ILO-STATISTICS - Micro data processing,11.7,47.6343,635.8013486238045,27.177257747557977,2405.094559327674,112.977607727051,66.7,5.096,61.579,49.0759539059955,34337438.0,20.424,-1.00157511234283,-0.5962153673172,-0.356279820203781,5-14
UGA,Uganda,2017,Sub-Saharan Africa,Low income,2056.6009999999997,Repository: ILO-STATISTICS - Micro data processing,23.0,62.0968,626.6690418377494,23.458835382742556,2543.8475439495646,105.526321411133,49.8,5.081,65.174,46.9022040457185,40177388.0,23.196,-1.06944227218628,-0.632979094982147,-0.319180428981781,5-14
UGA,Uganda,2021,Sub-Saharan Africa,Low income,3655.3689999999997,Repository: ILO-STATISTICS - Micro data processing,35.9,65.6221,691.8241967406575,23.84180382721719,2684.9203593974357,,41.8,5.044,66.45,44.7325571492453,45910930.0,25.553,-1.02854359149933,-0.600672364234924,-0.369334876537323,5-14
UKR,Ukraine,2015,Europe & Central Asia,Upper middle income,385.204,Repository: ILO-STATISTICS - Micro data processing,100.0,142.003,1419.08544921875,12.059376106337098,15403.7099609375,87.8509902954102,9.4,22.611,72.686,15.0784638672107,45784896.0,69.061,-1.03961312770844,-0.554407000541687,-0.873573780059814,5-14
UZB,Uzbekistan,2021,Europe & Central Asia,Lower middle income,594.537,Repository: ILO-STATISTICS - Micro data processing,99.8,102.41,2257.347320846187,22.15472830931664,9247.643827039294,97.9289255849279,14.4,13.042,71.681,30.1776585415555,34243696.0,50.427,-0.829755306243896,-0.264640539884567,-0.921241641044617,5-14
VEN,"Venezuela, República Bolivariana de",2017,Latin America & Caribbean,,120.439,Repository: ILO-STATISTICS - Micro data processing,93.2,80.1355,,,,94.0880584716797,24.3,12.259,71.903,27.7920942011296,30565323.0,88.183,-1.3856645822525,-1.42753195762634,-2.2592396736145,5-14
VNM,Viet Nam,2012,East Asia & Pacific,Lower middle income,1227.286,Repository: ILO-STATISTICS - Micro data processing,97.0,147.104,1303.8604490040827,16.19950764039303,7979.868289268585,100.619406716821,22.6,3.63,73.762,24.0066178711579,89510356.0,31.752,-0.532105982303619,-0.248135596513748,-0.55492377281189,5-14
VNM,Viet Nam,2018,East Asia & Pacific,Lower middle income,566.946,Repository: ILO-STATISTICS - Micro data processing | Employment definition: Excluding own-use production workers,100.0,146.138,1799.4314179678458,12.306668431042803,10936.893785955768,112.219369315312,21.4,4.648,74.1,24.5830496141364,96237319.0,35.919,-0.511843025684357,-0.0117206163704395,-0.0354671441018581,5-14
VNM,Viet Nam,2021,East Asia & Pacific,Lower middle income,2002.091,Repository: ILO-STATISTICS - Micro data processing,100.0,136.806,1921.1703658127365,12.603090465274503,12048.901993553598,120.023386080797,20.7,6.907,74.145,24.1976460962436,98935098.0,38.052,-0.308163285255432,0.243436112999916,-0.172221630811691,5-14
VUT,Vanuatu,2023,East Asia & Pacific,Lower middle income,63.316,Repository: ILO-STATISTICS - Micro data processing,54.0,89.2943,,,3118.396032656843,106.528699274803,16.8,11.677,71.477,38.6133638776749,320409.0,25.976,-0.0148651544004679,-0.568605482578278,0.141380533576012,5-14
WLD,World,2020,,,144557.28600000002,,82.84744189238275,104.9,5884.846580002114,4.275811054137164,18698.060960059025,100.659248352051,38.7,17.119020246440698,72.18222394638735,25.83150842657011,7855075060.0,55.96237382616109,,,,5-14
WSM,Samoa,2022,East Asia & Pacific,Upper middle income,0.30700000000000005,Repository: ILO-STATISTICS - Micro data processing,97.9,62.3987,3105.520967635984,9.992649874749276,5843.7717917755335,104.122587299249,16.2,13.245,71.55,38.7857967439451,215261.0,17.616,0.554122447967529,0.307863622903824,0.94788271188736,5-14
YEM,"Yemen, Republic of",2023,"Middle East, North Africa, Afghanistan & Pakistan",Low income,1427.253,Repository: ILO-STATISTICS - Micro data processing,75.3,50.8938,,,,,39.3,32.395,69.295,41.2261185664195,39390799.0,39.831,-1.64893329143524,-2.27542042732239,-1.83897626399994,5-14
ZMB,Zambia,2018,Sub-Saharan Africa,Lower middle income,351.921,Repository: ILO-STATISTICS - Micro data processing,12.4,86.0723,,3.3411239920944884,3646.959664816546,97.7707331798513,55.2,8.747,62.138,44.1450304054804,17973569.0,43.521,-0.678888440132141,-0.653517723083496,-0.358306616544724,5-14
ZMB,Zambia,2019,Sub-Saharan Africa,Lower middle income,457.022,Repository: ILO-STATISTICS - Micro data processing,14.2,93.0148,,2.8607749368079616,3591.56418883108,96.2491679442168,54.1,10.353,62.914,43.7567582888466,18513839.0,44.072,-0.67217880487442,-0.741789400577545,-0.473075270652771,5-14
ZMB,Zambia,2020,Sub-Saharan Africa,Lower middle income,365.548,Repository: ILO-STATISTICS - Micro data processing,14.0,100.235,,2.972633845488468,3391.595411560952,94.7777968616337,52.4,11.042,63.361,43.3344027971507,19059395.0,44.629,-0.731881856918335,-0.824682414531708,-0.648217260837555,5-14
ZMB,Zambia,2021,Sub-Saharan Africa,Lower middle income,399.881,Repository: ILO-STATISTICS - Micro data processing,14.5,103.283,,3.000918315337469,3503.034914183715,,49.2,9.367,62.363,42.8932123845063,19603607.0,45.192,-0.757704794406891,-0.840983033180237,-0.606375992298126,5-14
ZMB,Zambia,2022,Sub-Saharan Africa,Lower middle income,268.361,Repository: ILO-STATISTICS - Micro data processing,14.5,98.4373,,3.0940158340762234,3585.123790843465,,46.7,9.85,65.279,42.4387153873048,20152938.0,45.761,-0.504948019981384,-0.638017058372498,-0.517023503780365,5-14
ZWE,Zimbabwe,2019,Sub-Saharan Africa,Lower middle income,1734.057,Repository: ILO-STATISTICS - Micro data processing,28.3,86.4094,862.1626863328706,9.819260391584631,3294.8038916273817,97.4766143857125,51.1,11.718,61.06,42.5422575941545,15271368.0,32.21,-1.29033386707306,-1.3104350566864,-1.3110408782959,5-14
